"Name","Price","Material 1","Amount","Material 2","Amount","Material 3","Amount","Material 4","Amount","Defense","Fire Res","Thunder Res","Dragon Res","Water Res","Ice Res","Gender","Hunter Type","Rarity","HR","Elder*","Slots","Skill 1","Skill Point","Skill 2","Skill Point","Skill 3","Skill Point","Skill 4","Skill Point","Skill 5","Skill Point"
,,,,,,,,,,,,,,,,,,,,,,,,,,,,,,,
"Mafumofu Jacket","50z","Anteka Pelt",1,,,,,,,1,0,0,0,0,3,"Male/ Female","Blade/ Gunner",1,1,1,"---","Protection",2,"Ice Res",1,"Heat Res",-2,"Cold Res",4,,
"Leather Armor","150z","Disk Stone",1,"Anteka Pelt",1,,,,,2,2,0,0,0,0,"Male/ Female","Blade/ Gunner",1,1,1,"---","Throw",2,"Backpackng",2,"Gathering",2,"MixSucRate",2,"Cooking",-1
"Chain Mail","300z","Iron Ore",3,"Anteka Pelt",1,,,,,4,2,-2,0,2,1,"Male/ Female","Blade/ Gunner",1,1,1,"---","Paralysis",-1,"Health",3,"Hunger",2,"Map",1,"Whim",2
"Hunter's Mail","450z","Iron Ore",3,"Bullfango Pelt",1,"Disk Stone",1,,,8,0,-4,0,0,0,"Male/ Female","Blade",1,1,1,"---","Faint",-1,"PsychicVis",3,"Carving",2,"BBQ",3,,
"Hunter's Vest","450z","Iron Ore",3,"Bullfango Pelt",1,"Disk Stone",1,,,6,2,-2,0,2,2,"Male/ Female","Gunner",1,1,1,"---","Faint",-1,"NormalS Up",3,"PsychicVis",2,"Carving",2,,
"Bone Mail","650z","Brute Bone",3,"Bullfango Pelt",1,"Giaprey Hide",1,,,14,2,-2,-2,2,-2,"Male/ Female","Blade",2,1,1,"---","Anti-Theft",3,"Map",-1,"PsychicVis",1,"Alchemy",2,"Horn",2
"Bone Vest","650z","Brute Bone",3,"Bullfango Pelt",1,"Giaprey Hide",1,,,8,5,0,0,5,-1,"Male/ Female","Gunner",2,1,1,"---","Anti-Theft",3,"Map",-1,"PsychicVis",1,"Alchemy",2,"BBQ",2
"Giaprey Mail","750z","Giadrome Hide",1,"Earth Crystal",3,"Giaprey Scale",3,,,16,0,1,-1,1,3,"Male/ Female","Blade",2,1,2,"O--","Snow Res",2,"Guard",2,"Fire Res",-1,"PsychicVis",2,,
"Giaprey Vest","750z","Giadrome Hide",1,"Earth Crystal",3,"Giaprey Scale",3,,,8,1,3,0,3,4,"Male/ Female","Gunner",2,1,2,"O--","Snow Res",2,"PelletS Up",2,"Fire Res",-1,"PsychicVis",2,,
"Battle Mail","750z","Kelbi Hide",2,"Velociprey Scale",1,"Earth Crystal",3,"Whetstone",5,16,2,-2,0,-2,-1,"Male/ Female","Blade",2,1,2,"---","Health",2,"SwdShrpner",3,"Hunger",-2,"Attack",2,,
"Battle Vest","750z","Kelbi Hide",2,"Velociprey Scale",1,"Huskberry",20,"Sm Bone Husk",5,10,4,0,2,0,0,"Male/ Female","Gunner",2,1,2,"---","Load",3,"Hunger",-2,"Attack",2,"Precision",2,,
"Velociprey Mail","1150z","Velociprey Hide",2,"Velociprey Scale",3,"Iron Ore",5,"Bullfango Pelt",1,20,1,1,-1,1,1,"Male/ Female","Blade",2,1,2,"---","Paralysis",-2,"Faint",3,"SwdShrpner",2,"MixSucRate",2,,
"Velociprey Vest","1150z","Velociprey Hide",2,"Velociprey Scale",3,"Iron Ore",5,"Bullfango Pelt",1,10,3,3,0,3,1,"Male/ Female","Gunner",2,1,2,"---","Paralysis",-2,"Faint",3,"PelletSAdd",2,"Shot Mix",2,,
"Vespoid Mail","1150z","Vespoid Wing",5,"Machalite Ore",1,"Carpenterbug",3,,,20,-6,2,2,-5,-4,"Male/ Female","Blade",3,1,1,"---","Paralysis",3,"Poison",-2,"MixSucRate",2,"Everlastng",2,,
"Vespoid Vest","1150z","Vespoid Shell",6,"Machalite Ore",1,"Carpenterbug",3,,,10,-5,5,2,-4,-3,"Male/ Female","Gunner",3,1,1,"---","Paralysis",3,"Poison",-2,"MixSucRate",2,"Everlastng",2,,
"Hi-Metal Mail","1150z","Machalite Ore",3,"Iron Ore",3,"Velociprey Hide",2,,,20,-2,3,0,-2,-1,"Male/ Female","Blade",3,1,2,"O--","Health",3,"Whim",1,"Stamina",-1,"Gunnery",2,,
"Hi-Metal Vest","1150z","Machalite Ore",3,"Iron Ore",3,"Velociprey Hide",2,,,10,0,5,0,0,0,"Male/ Female","Gunner",3,1,2,"O--","Health",3,"CragS Add",1,"Stamina",-1,"Gunnery",2,,
"Hornet Mail","1350z","Hornetaur Wing",2,"Hornetaur Shell",4,"Disk Stone",3,"Killer Beetle",1,22,-6,-5,2,-1,-5,"Male/ Female","Blade",3,1,2,"O--","Protection",-2,"HearProtct",3,"Dragon Res",2,,,,
"Hornet Vest","1350z","Hornetaur Wing",2,"Hornetaur Shell",4,"Disk Stone",3,"Killer Beetle",1,11,-5,-3,3,2,-4,"Male/ Female","Gunner",3,1,2,"O--","Protection",-2,"HearProtct",3,"Dragon Res",2,,,,
"Genprey Mail","1350z","Genprey Hide",3,"Genprey Scale",4,"Iron Ore",3,"Bullfango Pelt",2,22,2,3,-1,-2,-2,"Male/ Female","Blade",3,1,2,"---","Paralysis",3,"Rec Speed",-3,"Spc Attack",3,,,,
"Genprey Vest","1350z","Genprey Hide",3,"Genprey Scale",4,"Iron Ore",3,"Bullfango Pelt",2,11,4,5,0,0,0,"Male/ Female","Gunner",3,1,2,"---","Paralysis",3,"Poison",-1,"Rec Speed",-1,"PelletS Up",3,"Spc Attack",1
"Steel Mail","1650z","Machalite Ore",12,"Iron Ore",10,"Rubbery Hide",2,,,24,2,-2,0,2,0,"Male/ Female","Blade",3,1,3,"---","Guard",4,"Map",2,"Stamina",-3,,,,
"Ioprey Mail","1650z","Poison Sac",3,"Ioprey Hide",2,"Ioprey Scale",2,"Machalite Ore",1,24,3,-2,-1,2,1,"Male/ Female","Blade",3,1,3,"---","Faint",-1,"Poison",3,"Health",4,"Fatigue",1,,
"Ioprey Vest","1650z","Poison Sac",3,"Ioprey Hide",2,"Ioprey Scale",2,"Machalite Ore",1,12,4,0,0,3,2,"Male/ Female","Gunner",3,1,3,"---","Faint",-1,"Poison",3,"PelletSAdd",4,"Fatigue",1,,
"Kut-Ku Mail","1650z","Kut-Ku Scale",2,"Kut-Ku Shell",3,"Kut-Ku Webbing",1,"Sm Monster Bone",3,24,2,0,-1,-2,-2,"Male/ Female","Blade",3,1,2,"O--","Health",3,"Attack",2,"Defence",-1,"Fire Res",1,,
"Kut-Ku Vest","1650z","Kut-Ku Scale",2,"Kut-Ku Shell",3,"Kut-Ku Webbing",1,"Sm Monster Bone",3,12,5,3,0,1,-1,"Male/ Female","Gunner",3,1,2,"O--","Health",3,"Attack",2,"Defence",-1,"Fire Res",1,,
"Cephalos Mail","2350z","Cephalos Fin",1,"Cephalos Scale",3,"Machalite Ore",1,,,28,-3,-4,0,2,2,"Male/ Female","Blade",3,1,2,"O--","Hunger",1,"Heat Res",4,"Cold Res",-2,,,,
"Cephalos Vest","2350z","Cephalos Fin",1,"Cephalos Scale",3,"Machalite Ore",1,,,16,-1,-2,1,5,3,"Male/ Female","Gunner",3,1,2,"O--","Hunger",1,"Heat Res",4,"Cold Res",-2,,,,
"Conga Mail","2350z","Congalala Pelt",2,"Conga Pelt",4,"Brute Bone",2,"Carpenterbug",3,28,-3,2,0,2,-1,"Male/ Female","Blade",3,1,2,"---","Antiseptic",2,"BombStrUp",2,"Hunger",-2,"Gluttony",3,,
"Conga Vest","2350z","Congalala Pelt",2,"Conga Pelt",4,"Brute Bone",2,"Carpenterbug",3,16,-1,4,1,4,0,"Male/ Female","Gunner",3,1,2,"---","Antiseptic",2,"NormalS Up",2,"Hunger",-2,"Gluttony",3,,
"Gypceros Mail","2850z","Poison Sac",1,"Antiseptic Stone",1,"Rubbery Hide",2,"Machalite Ore",2,30,-4,4,0,1,1,"Male/ Female","Blade",3,1,3,"O--","Poison",3,"Hunger",-1,"ThunderRes",2,"Stamina",1,,
"Gypceros Vest","2850z","Poison Sac",1,"Antiseptic Stone",1,"Rubbery Hide",2,"Machalite Ore",2,16,-1,6,0,4,3,"Male/ Female","Gunner",3,1,3,"O--","Poison",3,"Hunger",-1,"ThunderRes",2,"Stamina",1,,
"Khezu Mail","3350z","Flabby Hide",2,"Iron Ore",8,"Ioprey Hide",2,"Monster Fluid",2,32,-3,4,0,3,1,"Male/ Female","Blade",3,1,3,"O--","Faint",-1,"Rec Speed",3,"Wide Area",2,"Horn",1,,
"Khezu Vest","3350z","Flabby Hide",2,"Iron Ore",8,"Ioprey Hide",2,"Monster Fluid",2,16,-1,6,0,5,2,"Male/ Female","Gunner",3,1,3,"O--","Faint",-1,"Rec Speed",3,"Wide Area",2,"Precision",1,,
"Hermitaur Mail","3350z","Hermitaur Shell",3,"Sm Hermitaur Shl",2,"Machalite Ore",1,"Brute Bone",4,32,-3,-4,1,3,0,"Male/ Female","Blade",3,1,3,"O--","Guard",2,"Throw",1,"Defence",2,"ThunderRes",-2,,
"Hermitaur Vest","3350z","Hermitaur Shell",3,"Sm Hermitaur Shl",2,"Machalite Ore",1,"Brute Bone",4,16,-1,-2,2,5,1,"Male/ Female","Gunner",3,1,3,"O--","Guard Up",2,"Throw",1,"Defence",2,"ThunderRes",-2,,
"Plesioth Mail","4150z","Plesioth Scale",3,"Monster Fluid",1,"Ioprey Hide",2,"Piscine Fang",2,34,-4,-4,0,4,2,"Male/ Female","Blade",3,1,3,"O--","Paralysis",-2,"Heat Res",2,"Cold Res",2,"Stamina",1,,
"Plesioth Vest","4150z","Plesioth Scale",3,"Monster Fluid",1,"Ioprey Hide",2,"Piscine Fang",2,17,-2,-2,1,6,3,"Male/ Female","Gunner",3,1,3,"O--","Paralysis",-2,"Heat Res",2,"Cold Res",2,"Stamina",1,,
"Lobster Mail","4150z","Sm Lobstershell",2,"Plesioth Fin",1,"Machalite Ore",2,"Ice Crystal",10,34,-2,-6,-2,6,2,"Male/ Female","Blade",3,1,3,"O--","Guard",-2,"Water Res",1,"Fishing",1,"Evade",3,,
"Lobster Vest","4150z","Sm Lobstershell",2,"Plesioth Fin",1,"Machalite Ore",2,"Ice Crystal",10,17,0,-5,0,6,3,"Male/ Female","Gunner",3,1,3,"O--","Water Res",1,"Fishing",1,"Evade",3,"Precision",-2,,
"Kut-Ku Mail D","1650z","Blue Kut-Ku Scl",2,"Blue Kut-Ku Shl",3,"Bullfango Pelt",1,"Sm Monster Bone",3,22,2,0,-1,-2,-2,"Male/ Female","Blade",3,1,3,"O--","Health",-1,"Rec Speed",-1,"Expert",2,"ElementAtk",1,"Attack",2
"Kut-Ku Vest D","1650z","Blue Kut-Ku Scl",2,"Blue Kut-Ku Shl",3,"Bullfango Pelt",1,"Sm Monster Bone",3,10,5,3,0,1,-1,"Male/ Female","Gunner",3,1,3,"O--","Health",-1,"Rec Speed",-1,"Expert",2,"ElementAtk",1,"Attack",2
"Gypceros Mail D","2850z","Pur Rubbery Hide",2,"Antiseptic Stone",1,"Poison Sac",1,"Machalite Ore",2,28,-4,4,0,1,1,"Male/ Female","Blade",3,2,3,"O--","Faint",3,"Wide Area",2,"WindPress",1,"Fate",-1,,
"Gypceros Vest D","2850z","Pur Rubbery Hide",2,"Antiseptic Stone",1,"Poison Sac",1,"Machalite Ore",2,14,-1,6,0,4,3,"Male/ Female","Gunner",3,2,3,"O--","Faint",3,"Wide Area",2,"WindPress",1,"Fate",-1,,
"Khezu Mail D","3350z","Alluring Hide",2,"Iron Ore",8,"Ioprey Hide",2,"Monster Fluid",2,30,3,4,0,-3,0,"Male/ Female","Blade",3,2,4,"O--","SwdShrpner",-2,"Wide Area",3,"Recovery",2,,,,
"Khezu Vest D","3350z","Alluring Hide",2,"Iron Ore",8,"Ioprey Hide",2,"Monster Fluid",2,14,5,6,0,-1,1,"Male/ Female","Gunner",3,2,4,"O--","Wide Area",3,"Recovery",2,"MixSucRate",-2,,,,
"Plesioth Mail D","4150z","Grn Plesioth Scl",2,"Lg Monster Bone",1,"Genprey Hide",5,"Grn Plesioth Fin",2,32,-4,-4,0,4,2,"Male/ Female","Blade",3,2,3,"O--","Poison",-2,"Hunger",3,"Everlastng",2,,,,
"Plesioth Vest D","4150z","Grn Plesioth Scl",2,"Lg Monster Bone",1,"Genprey Hide",5,"Grn Plesioth Fin",2,15,-2,-2,1,6,3,"Male/ Female","Gunner",3,2,3,"O--","Poison",-2,"Hunger",3,"Everlastng",2,,,,
"Basarios Mail","3350z","Basarios Shell",5,"Machalite Ore",7,"Poison Sac",3,"Whetstone",20,32,0,2,-2,2,1,"Male/ Female","Blade",4,2,4,"O--","Sleep",2,"Faint",-1,"Defence",1,"Whim",1,"Terrain",2
"Basarios Vest","3350z","Basarios Shell",5,"Machalite Ore",7,"Poison Sac",3,"Whetstone",20,16,2,4,0,4,2,"Male/ Female","Gunner",4,2,4,"O--","Sleep",2,"Faint",-1,"Defence",1,"Whim",1,"Terrain",2
"Monoblos Mail","4900z","Monoblos Spine",3,"Blood Red Horn",2,"Monoblos Shell",2,"Killer Beetle",2,36,2,-2,-1,-1,-1,"Male/ Female","Blade",4,10,"4!","O--","Health",3,"Attack",1,"Protection",-1,"Potential",2,,
"Monoblos Vest","4900z","Monoblos Spine",3,"Blood Red Horn",2,"Monoblos Shell",2,"Killer Beetle",2,18,4,0,0,2,0,"Male/ Female","Gunner",4,10,"4!","O--","Health",3,"Attack",1,"Protection",-1,"Potential",2,,
"Yian Garuga Mail","4900z","Garuga Scale",4,"Garuga Shell",5,"Garuga Wing",3,"Gendrome Hide",2,36,2,2,0,0,0,"Male/ Female","Blade",4,10,"4!","O--","Sharpness",2,"Expert",2,"HearProtct",1,"Gathering",-2,,
"Yian Garuga Vest","4900z","Garuga Scale",4,"Garuga Shell",5,"Garuga Wing",3,"Gendrome Hide",2,18,3,3,0,2,1,"Male/ Female","Gunner",4,10,"4!","O--","Expert",2,"PierceSAdd",2,"HearProtct",1,"Gathering",-2,,
"Blango Mail","4900z","Blangonga Whiskr",1,"Blango Pelt",3,"Giaprey Hide",3,"Velocidrome Hide",1,36,-4,0,1,2,3,"Male/ Female","Blade",4,2,4,"O--","Snow Res",2,"Cold Res",1,"Terrain",-2,"Quake Res",2,,
"Blango Vest","4900z","Blangonga Whiskr",1,"Blango Pelt",3,"Giaprey Hide",3,"Velocidrome Hide",1,18,-3,1,2,4,5,"Male/ Female","Gunner",4,2,4,"O--","Snow Res",2,"Cold Res",1,"Terrain",-2,"Quake Res",2,,
"Ceanataur Mail","5200z","Ceanataur Shell",2,"Sm Ceanataur Shl",3,"Earth Crystal",4,"Killer Beetle",1,37,1,-1,0,2,-1,"Male/ Female","Blade",4,2,4,"---","Sharpness",3,"Artisan",1,"SwdShrpner",2,"Defence",-3,,
"Ceanataur Vest","5200z","Ceanataur Shell",2,"Sm Ceanataur Shl",3,"Earth Crystal",4,"Killer Beetle",1,18,2,0,2,4,0,"Male/ Female","Gunner",4,2,4,"O--","PierceS Up",2,"PierceSAdd",1,"Defence",-2,"Precision",2,,
"Rathian Mail","5350z","Monster Bone+",1,"Rathian Scale",2,"Machalite Ore",1,"Killer Beetle",2,38,2,-2,-4,0,0,"Male/ Female","Blade",4,1,6,"O--","Faint",-1,"Poison",2,"Health",3,"PsychicVis",1,,
"Rathian Vest","5350z","Monster Bone+",1,"Rathian Scale",2,"Machalite Ore",1,"Killer Beetle",2,18,4,0,-2,2,2,"Male/ Female","Gunner",4,1,6,"O--","Faint",-1,"Poison",2,"Health",3,"PsychicVis",1,,
"Tigrex Mail","5800z","Tigrex Fang",2,"Tigrex Claw",3,"Tigrex Shell",3,"Monster Bone+",1,40,3,-2,-1,2,3,"Male/ Female","Blade",4,3,5,"O--","Protection",-1,"HearProtct",1,"PsychicVis",3,"Cooking",2,,
"Tigrex Vest","5800z","Tigrex Fang",2,"Tigrex Claw",3,"Tigrex Shell",3,"Monster Bone+",1,20,4,-1,0,3,4,"Male/ Female","Gunner",4,3,5,"O--","Protection",-1,"HearProtct",1,"PsychicVis",3,"Cooking",2,,
"Rathalos Mail","5800z","Rathalos Webbing",3,"Rathalos Shell",3,"Rathalos Scale",2,"Monster Bone+",2,40,2,2,-4,-1,-3,"Male/ Female","Blade",4,1,6,"---","Paralysis",-2,"Rec Speed",1,"Attack",4,"PsychicVis",2,,
"Rathalos Vest","5800z","Rathalos Webbing",3,"Rathalos Shell",3,"Rathalos Scale",2,"Monster Bone+",2,20,4,5,-2,0,-1,"Male/ Female","Gunner",4,1,6,"---","Paralysis",-2,"Rec Speed",1,"Attack",4,"PsychicVis",2,,
"Diablo Mail","5800z","Majestic Horn",1,"Diablos Spine",1,"Diablos Shell",2,"Machalite Ore",2,40,3,1,0,-1,-2,"Male/ Female","Blade",4,3,5,"O--","Health",-2,"Expert",2,"WindPress",2,"Fate",-1,,
"Diablo Vest","5800z","Majestic Horn",1,"Diablos Spine",1,"Diablos Shell",2,"Machalite Ore",2,20,5,4,0,2,-1,"Male/ Female","Gunner",4,3,5,"O--","Health",-2,"Expert",2,"WindPress",2,"Fate",-1,,
"Gravios Mail","5800z","Gravios Shell",5,"Machalite Ore",3,"Monster Bone+",3,"Iodrome Hide",2,40,2,2,-2,-2,0,"Male/ Female","Blade",4,3,5,"O--","Sleep",2,"Guard",2,"Defence",1,"Stamina",-2,,
"Gravios Vest","5800z","Gravios Shell",5,"Machalite Ore",3,"Monster Bone+",3,"Iodrome Hide",2,20,4,3,0,1,1,"Male/ Female","Gunner",4,3,5,"O--","Sleep",3,"ClustS Add",2,"Stamina",-2,,,,
"Diablo Mail D","5800z","TwstBlkBlosHorn",1,"Black Blos Spine",1,"Black Blos Shell",2,"Machalite Ore",2,38,3,1,0,-1,-2,"Male/ Female","Blade",4,3,5,"O--","Sharpness",2,"Defence",-1,"WindPress",3,"Fate",-1,,
"Diablo Vest D","5800z","TwstBlkBlosHorn",1,"Black Blos Spine",1,"Black Blos Shell",2,"Machalite Ore",2,18,5,4,0,2,-1,"Male/ Female","Gunner",4,3,5,"O--","Load",2,"Hunger",-1,"WindPress",3,"Fate",-1,,
"Gravios Mail D","5800z","Blk Gravios Shl",5,"Machalite Ore",3,"Monster Bone+",3,"Rubbery Hide",2,38,2,2,0,-2,1,"Male/ Female","Blade",4,3,5,"OO-","Guard Up",2,"Hunger",-2,"Defence",1,,,,
"Gravios Vest D","5800z","Blk Gravios Shl",5,"Machalite Ore",3,"Monster Bone+",3,"Rubbery Hide",2,18,4,3,0,1,2,"Male/ Female","Gunner",4,3,5,"O--","Guard Up",2,"Hunger",-2,"Defence",3,,,,
"Moss Breastplate","100z","Mosswine Hide",3,"Bullfango Pelt",1,"Bulldrome Hide",1,"Carpenterbug",1,3,0,0,0,0,0,"Male/ Female","Blade/ Gunner",5,1,2,"---","Health",2,"Hunger",-3,"Gluttony",2,"Cooking",2,,
"Giaprey Body","700z","Giadrome Hide",2,"Blango Pelt",5,"Giaprey Scale",5,"Kut-Ku Coin",1,16,0,2,-2,2,3,"Male/ Female","Blade/ Gunner",5,1,2,"O--","Fire Res",-2,"Ice Res",2,"Fate",3,,,,
"Velociprey Body","900z","Velocidrome Hide",2,"Blango Pelt",5,"Velociprey Scale",5,"Congalala Coin",1,18,1,1,1,1,1,"Male/ Female","Blade/ Gunner",5,1,2,"O--","Water Res",2,"ThunderRes",-2,"Fate",3,,,,
"Famitsu T-Shirt","1150z","Famitsu Ticket",5,"Pokke Ticket",2,"Kut-Ku Coin",6,"Blangonga Coin",3,20,2,2,2,2,2,"Male/ Female","Blade/ Gunner",5,6,5,"---","Sleep",4,"Protection",5,,,,,,
"Hunter Soul T-Shirt","1150z","Hunter Soul Tckt",5,"Pokke Ticket",2,"Fire Coin",3,"Tigrex Coin",6,20,2,2,2,2,2,"Male/ Female","Blade/ Gunner",5,3,5,"O--","Fate",2,"PsychicVis",5,,,,,,
"Bistro Jacket","1150z","FlynMealPassReg",1,"Hot Meat",10,"Flabby Hide",3,,,20,2,2,2,2,2,"Male/ Female","Blade/ Gunner",5,1,3,"---","Gluttony",3,"Cooking",3,"BBQ",3,,,,
"Genprey Body","1150z","Gendrome Hide",2,"Conga Pelt",5,"Genprey Scale",5,"Khezu Coin",1,20,1,2,1,1,1,"Male/ Female","Blade/ Gunner",5,1,3,"O--","Ice Res",-2,"ThunderRes",2,"Fate",3,,,,
"Black Belt Mail","3300z","Tigrex Coin",10,"Blackbelt Ticket",8,"Killer Beetle",2,"Blangonga Coin",10,20,2,2,2,2,2,"Male/ Female","Blade/ Gunner",5,3,5,"O--","Artisan",2,"Gluttony",1,"Map",-2,"Loading",2,,
"Shinobi Suit (Sun)","9800z","Gaoren Spine",1,"Blackbelt Ticket",3,"Pokke Ticket",1,"FireWyvern Fluid",5,20,2,4,2,-6,-3,"Male/ Female","Blade/ Gunner",5,3,6,"O--","Throw",2,"ElementAtk",2,"Cold Res",-2,"Evade",1,,
"Shinobi Suit (Moon)","9800z","Gaoren Spine",1,"Blackbelt Ticket",3,"Pokke Ticket",1,"FireWyvern Fluid",5,20,2,4,2,-6,-3,"Male/ Female","Blade/ Gunner",5,3,6,"O--","Sneak",2,"Hunger",2,"Heat Res",-2,"PsychicVis",1,,
"Guild Knight Suit","9800z","Commendation",1,"Chaoshroom",4,"FlynMealPassReg",1,"Blangonga Coin",3,20,0,0,0,0,0,"Male","Blade/ Gunner",5,2,4,"---","Whim",3,"Fate",2,"PsychicVis",2,"BBQ",-2,,
"Guild Knight Vest","9800z","Commendation",1,"Chaoshroom",4,"FlynMealPassReg",1,"Yian Garuga Coin",3,20,0,0,0,0,0,"Male","Blade/ Gunner",5,8,4,"---","PelletS Up",2,"Fate",-2,"Precision",2,"Carving",3,,
"Guardian Suit","9800z","Lightcrystal",2,"Chaoshroom",4,"Blackbelt Ticket",2,"Daimyo Coin",3,20,0,0,0,0,0,"Male","Blade/ Gunner",5,1,3,"O--","Protection",2,"Gathering",-1,"Fate",1,"Gunnery",3,,
"Guardian Vest","9800z","Lightcrystal",2,"Chaoshroom",4,"Blackbelt Ticket",2,"Khezu Coin",3,20,0,0,0,0,0,"Male","Blade/ Gunner",5,1,3,"O--","Protection",2,"Wide Area",3,"Gathering",-1,"Fate",1,,
"Maiden's Vest","9800z","Commendation",1,"Chaoshroom",4,"FlynMealPassReg",1,"Blangonga Coin",3,20,0,0,0,0,0,"Female","Blade/ Gunner",5,2,4,"---","Whim",3,"Fate",2,"PsychicVis",2,"BBQ",-2,,
"Personal Vest","9800z","Commendation",1,"Chaoshroom",4,"FlynMealPassReg",1,"Yian Garuga Coin",3,20,0,0,0,0,0,"Female","Blade/ Gunner",5,8,4,"---","PelletS Up",2,"Fate",-2,"Precision",2,"Carving",3,,
"Helper Vest","9800z","Lightcrystal",2,"Chaoshroom",4,"Blackbelt Ticket",2,"Daimyo Coin",3,20,0,0,0,0,0,"Female","Blade/ Gunner",5,1,3,"O--","Protection",2,"Gathering",-1,"Fate",1,"Gunnery",3,,
"Healer Vest","9800z","Lightcrystal",2,"Chaoshroom",4,"Blackbelt Ticket",2,"Khezu Coin",3,20,0,0,0,0,0,"Female","Blade/ Gunner",5,1,3,"O--","Protection",2,"Wide Area",3,"Gathering",-1,"Fate",1,,
"Ioprey Body","1350z","Iodrome Hide",2,"Conga Pelt",5,"Ioprey Scale",5,"Daimyo Coin",1,22,2,1,1,1,1,"Male/ Female","Blade/ Gunner",5,1,3,"O--","Fire Res",2,"Water Res",-2,"Fate",3,,,,
"Remobra Suit","1650z","Remobra Skin",4,"FireWyvern Fluid",2,"Carpenterbug",4,"Dragonite Ore",2,24,0,-1,-1,-1,-1,"Male/ Female","Blade/ Gunner",5,2,4,"---","Poison",1,"Artisan",2,"PierceS Up",2,"All Resist",-2,"Stamina",2
"MelahoaFlowerJacket","1150z","Dosbiscus",3,"Godbug",5,"Ivy",3,"Monster Fluid",3,20,0,1,0,1,0,"Male/ Female","Blade",5,1,2,"O--","Hunger",-1,"Gathering",3,"HiSpdGathr",2,"Stamina",1,,
"Melahoa Stalk","1150z","Dosbiscus",3,"Godbug",5,"Ivy",3,"Monster Fluid",3,10,0,1,0,2,0,"Male/ Female","Gunner",5,1,2,"O--","Hunger",-1,"Gathering",3,"HiSpdGathr",2,"Stamina",1,,
"Makluva Cover","2350z","Springnight Carp",3,"Cephalos Scale",4,"Burst Arrowana",10,"Book of Combos 1",1,28,0,-2,0,2,0,"Male/ Female","Blade",5,1,2,"---","Spc Attack",2,"Fishing",2,"MixSucRate",3,"Alchemy",2,,
"Makluva Scale","2350z","Springnight Carp",3,"Cephalos Scale",4,"Burst Arrowana",10,"Book of Combos 1",1,16,0,-1,0,3,0,"Male/ Female","Gunner",5,1,2,"---","Spc Attack",2,"Fishing",2,"MixSucRate",3,"Alchemy",2,,
"Hypnoc Mail","3350z","Hypnoc Ticket",1,"Hypnoc Feather+",3,"Hypnoc StrngClaw",2,"Machalite Ore",8,32,-2,0,1,2,1,"Male/ Female","Blade",5,"7!",10,"O--","Sleep",2,"Sneak",-2,"Trapper",3,,,,
"Hypnoc Vest","3350z","Hypnoc Ticket",1,"Hypnoc Feather+",3,"HypncFangedBeak",1,"Machalite Ore",8,16,0,2,2,4,3,"Male/ Female","Gunner",5,"7!",10,"O--","Sneak",-2,"SleepCtAdd",2,"Trapper",3,,,,
"Obituary Petto","3350z","Great Hornfly",2,"Hercudrome",1,"Killer Beetle",4,"Poison Sac",2,32,3,3,2,-5,-4,"Male","Blade",5,1,4,"O--","Spc Attack",2,"Cold Res",-1,"Gathering",2,"Evade",2,,
"Obituary Pectus","3350z","Great Hornfly",2,"Hercudrome",1,"Killer Beetle",4,"Poison Sac",2,16,4,5,2,-4,-3,"Male","Gunner",5,1,4,"O--","Spc Attack",2,"Cold Res",-1,"Gathering",2,"Evade",2,,
"Butterfly Petto","3350z","Great Hornfly",2,"Hercudrome",1,"Killer Beetle",4,"Poison Sac",2,32,3,3,2,-5,-4,"Female","Blade",5,1,4,"O--","Spc Attack",2,"Cold Res",-1,"Gathering",2,"Evade",2,,
"Butterfly Pectus","3350z","Great Hornfly",2,"Hercudrome",1,"Killer Beetle",4,"Poison Sac",2,16,4,5,2,-4,-3,"Female","Gunner",5,1,4,"O--","Spc Attack",2,"Cold Res",-1,"Gathering",2,"Evade",2,,
"Black Hide","11111z","Dark Stone",1,"Dark Piece",3,"Ancient Potion",1,"Flame Sac",3,36,0,2,-5,2,2,"Male/ Female","Blade",5,10,"5!","OO-",,,,,,,,,,
"Black Skin","11111z","Dark Stone",1,"Dark Piece",3,"Ancient Potion",1,"Flame Sac",3,18,2,4,-2,4,3,"Male/ Female","Gunner",5,10,"5!","OO-",,,,,,,,,,
"Death Stench Muscle","5800z","Sinister Cloth",2,"Striped Skin",3,"Unknown Skull",3,"Elder Drgn Bone",3,40,2,1,0,1,-1,"Male/ Female","Blade",5,3,4,"O--","Sneak",2,"Health",-3,"Fencing",2,,,,
"Death Stench Heart","5800z","Sinister Cloth",2,"Striped Skin",3,"Unknown Skull",3,"Elder Drgn Bone",3,20,3,2,1,2,0,"Male/ Female","Gunner",5,3,4,"O--","Health",-3,"CragS Add",2,"Speed Fire",2,,,,
"Volganos Mail","5800z","Lava Ticket",1,"Volganos Thk Scl",3,"Volganos HvyFang",2,"Fire Stone",1,40,4,0,1,-3,0,"Male/ Female","Blade",5,"7!",10,"---","Faint",-2,"Rec Speed",2,"Guard",2,"Terrain",3,,
"Volganos Vest","5800z","Lava Ticket",1,"Volganos Thk Scl",3,"Volganos HvyFang",2,"Fire Stone",1,20,5,2,2,-1,2,"Male/ Female","Gunner",5,"7!",10,"---","Faint",-2,"Rec Speed",2,"Recoil",2,"Terrain",3,,
"Mizuha Guards","9000z","Chameleos Hide",2,"ChameleosWebbing",3,"Alluring Hide",2,"Lightcrystal",2,40,-4,0,-1,3,4,"Male/ Female","Blade",5,3,5,"---","HearProtct",2,"WindPress",4,"Terrain",-3,,,,
"Extravagant Camise","9000z","Chameleos Hide",2,"ChameleosWebbing",3,"Alluring Hide",2,"Lightcrystal",2,20,-3,1,0,4,5,"Male/ Female","Gunner",5,3,5,"---","HearProtct",2,"WindPress",4,"Terrain",-3,,,,
"Kushala Cista","9300z","Daora Shell",2,"Daora Webbing",1,"Dragonite Ore",2,"ElderDragonBlood",1,42,0,-2,-3,2,4,"Male/ Female","Blade",5,3,4,"---","Poison",-2,"Fire Res",3,"Terrain",3,"Fast Chrge",1,,
"Kushala Vise","9300z","Daora Shell",2,"Daora Webbing",1,"Dragonite Ore",2,"ElderDragonBlood",1,21,2,-2,-2,3,5,"Male/ Female","Gunner",5,3,4,"---","Poison",-2,"Fire Res",3,"Terrain",3,"Fast Chrge",1,,
"Kirin Jacket","9800z","Kirin Hide",1,"Flabby Hide",3,"Rubbery Hide",2,"Lightcrystal",1,44,0,4,-1,2,0,"Male/ Female","Blade",5,3,5,"O--","ElementAtk",2,"All Resist",3,"Everlastng",-2,,,,
"Kirin Cape","9800z","Kirin Hide",1,"Flabby Hide",3,"Rubbery Hide",2,"Lightcrystal",1,22,1,6,0,4,1,"Male/ Female","Gunner",5,3,5,"O--","ElementAtk",2,"All Resist",3,"Everlastng",-2,,,,
"GuardianSpritRaiment","9800z","Dragonmoss",2,"Dragonwood",2,"ElderDragonBlood",1,"Pokke Ticket",1,44,2,0,-2,2,-2,"Male/ Female","Blade",5,3,4,"O--","Fencing",2,"Protection",2,"All Resist",1,"Potential",-2,,
"Carnage Raiment","9800z","Dragonmoss",2,"Dragonwood",2,"ElderDragonBlood",1,"Pokke Ticket",1,22,3,2,-1,4,-1,"Male/ Female","Gunner",5,3,4,"O--","Protection",2,"All Resist",1,"Potential",-2,"Loading",2,,
"Auroros Torso","9800z","Lao-Shan's Shell",4,"Fire Stone",2,"Blood Red Horn",3,"Commendation",1,44,-2,0,-4,2,2,"Male","Blade",5,2,6,"O--","Rec Speed",2,"Guard",3,"PsychicVis",1,"Stamina",-1,,
"Genesis Torso","9800z","Lao-Shan's Shell",4,"Fire Stone",2,"Blood Red Horn",3,"Commendation",1,22,1,2,-2,3,3,"Male","Gunner",5,2,6,"O--","Rec Speed",2,"Load",3,"NormalSAdd",1,"Hunger",-1,,
"Borealis Chest","9800z","Lao-Shan's Shell",4,"Fire Stone",2,"Blood Red Horn",3,"Commendation",1,44,-2,0,-4,2,2,"Female","Blade",5,2,6,"O--","Rec Speed",2,"Guard",3,"PsychicVis",1,"Stamina",-1,,
"Glyph Chest","9800z","Lao-Shan's Shell",4,"Fire Stone",2,"Blood Red Horn",3,"Commendation",1,22,1,2,-2,3,3,"Female","Gunner",5,2,6,"O--","Rec Speed",2,"Load",3,"NormalSAdd",1,"Hunger",-1,,
"Empress Mail","11625z","Lunastra Mane",2,"Fire Drgn Wbng",2,"Fire Dragon Scl",3,"Fire Stone",2,46,5,0,-2,-1,0,"Male/ Female","Blade",5,10,"5!","O--","Expert",2,"Guard",1,"Anti-Theft",2,"Cold Res",-2,,
"Empress Vest","11625z","Lunastra Mane",2,"Fire Drgn Wbng",2,"Fire Dragon Scl",3,"Fire Stone",2,23,6,2,-1,1,0,"Male/ Female","Gunner",5,10,"5!","O--","Expert",2,"Guard",1,"Anti-Theft",2,"Cold Res",-2,,
"Indra Vest","13500z","Gaoren Shell",2,"Gaoren Spine",1,"Daora Shell",1,"Dragonite Ore",2,48,-2,2,-2,3,2,"Male/ Female","Blade",5,3,6,"O--","Guard",3,"Cooking",-2,"Quake Res",2,,,,
"Steadfast Vest","13500z","Gaoren Shell",2,"Gaoren Spine",1,"Daora Shell",1,"Dragonite Ore",2,24,0,3,-1,5,3,"Male/ Female","Gunner",5,3,6,"O--","Load",-1,"Recoil",2,"Cooking",-2,"Quake Res",2,,
"Kaiser Mail","13500z","Teostra Mane",1,"Fire Drgn Wbng",2,"Fire Stone",3,"ElderDragonBlood",1,48,5,0,-2,-1,0,"Male/ Female","Blade",5,3,6,"---","Expert",3,"Cold Res",-3,"Fatigue",3,,,,
"Kaiser Vest","13500z","Teostra Mane",1,"Fire Drgn Wbng",2,"Fire Stone",3,"ElderDragonBlood",1,24,6,2,-1,1,0,"Male/ Female","Gunner",5,3,6,"---","Expert",3,"Cold Res",-3,"Fatigue",3,,,,
"Red Lobster Mail","4150z","King Lobster Shl",1,"Sm Lobstershell",1,"Famitsu Ticket",1,,,32,3,-2,0,0,1,"Male/ Female","Blade",5,6,4,"O--","Sneak",-2,"Fishing",2,"Evade",1,"BBQ",2,,
"Red Lobster Vest","4150z","King Lobster Shl",1,"Sm Lobstershell",1,"Famitsu Ticket",1,,,15,3,0,1,0,1,"Male/ Female","Gunner",5,6,4,"O--","Sneak",-2,"Fishing",2,"Evade",1,"BBQ",2,,
"Monodevil Mail","5900z","Wht Monoblos Hrn",2,"Wht Monoblos Spn",3,"Wht Monoblos Shl",3,"Monoblos Heart",1,34,2,-2,-1,-1,-1,"Male/ Female","Blade",5,10,"4!","O--","Artisan",2,"Expert",1,"Protection",-3,"Potential",1,,
"Monodevil Vest","5900z","Wht Monoblos Hrn",2,"Wht Monoblos Spn",3,"Wht Monoblos Shl",3,"Monoblos Heart",1,16,4,0,0,2,0,"Male/ Female","Gunner",5,10,"4!","O--","Expert",1,"Protection",-3,"Potential",1,"Loading",2,,
"Rathian Heart Mail","6400z","Pnk Rathian Scl",3,"Pnk Rathian Shl",2,"FireWyvern Claw",3,"Monster Bone+",1,36,2,-2,-4,0,0,"Male/ Female","Blade",5,3,6,"O--","Antiseptic",2,"Sneak",-2,"Whim",1,"Recovery",2,,
"Rathian Heart Vest","6400z","Pnk Rathian Scl",3,"Pnk Rathian Shl",2,"FireWyvern Claw",3,"Monster Bone+",1,16,4,0,-2,2,2,"Male/ Female","Gunner",5,3,6,"O--","Antiseptic",2,"Sneak",-2,"Whim",1,"Recovery",2,,
"Rathalos Soul Mail","6900z","Azre Rathlos Shl",3,"Azr Rathlos Scl",2,"Monster Fluid",3,"Monster Bone+",2,38,2,2,-4,-1,0,"Male/ Female","Blade",5,3,6,"O--","Expert",1,"Attack",3,"Protection",-1,"HearProtct",2,,
"Rathalos Soul Vest","6900z","Azre Rathlos Shl",3,"Azr Rathlos Scl",2,"Monster Fluid",3,"Monster Bone+",2,18,4,5,-2,2,1,"Male/ Female","Gunner",5,3,6,"O--","Expert",1,"Attack",3,"Protection",-1,"HearProtct",2,,
"Mafumofu Jacket S","1150z","High Quality Pelt",3,"Blango Pelt+",3,"Rainbow Insect",1,,,20,0,0,0,0,3,"Male/ Female","Blade/ Gunner",6,4,7,"O--","Protection",2,"Heat Res",-2,"Cold Res",3,,,,
"Leather Armor S","1350z","Carbalite Ore",2,"Kelbi Hide",2,"Dragonite Ore",3,"Stout Bone",1,22,2,0,0,0,0,"Male/ Female","Blade/ Gunner",6,4,7,"---","Backpackng",4,"Gathering",5,,,,,,
"Chain Mail S","1650z","Carbalite Ore",3,"Machalite Ore",6,"Dragonite Ore",4,"Velociprey Hide+",3,24,2,-2,0,2,1,"Male/ Female","Blade/ Gunner",6,4,7,"O--","Paralysis",-1,"Health",2,"Map",2,"Whim",2,,
"Hunter's Mail S","5350z","Carbalite Ore",4,"Ioprey Hide+",5,"Rathalos Scale",2,"Bulldrome Hide",2,38,0,-4,0,0,0,"Male/ Female","Blade",6,4,7,"O--","Faint",-2,"Rec Speed",2,"Attack",2,"PsychicVis",1,,
"Hunter's Vest S","5350z","Carbalite Ore",4,"Ioprey Hide+",5,"Rathalos Scale",2,"Bulldrome Hide",2,26,2,-2,0,2,2,"Male/ Female","Gunner",6,4,7,"O--","Faint",-1,"Rec Speed",2,"Attack",2,"PsychicVis",1,,
"Bone Mail S","7200z","Stout Bone",1,"Bulldrome Hide+",3,"King Scarab",3,"Wyvern Skull Shl",1,44,2,-2,-2,2,-2,"Male/ Female","Blade",6,4,7,"O--","Anti-Theft",2,"Map",-2,"Cooking",2,"Horn",1,,
"Bone Vest S","7200z","Stout Bone",1,"Bulldrome Hide+",3,"King Scarab",3,"Wyvern Skull Shl",1,26,5,0,0,5,-1,"Male/ Female","Gunner",6,4,7,"O--","Anti-Theft",2,"Map",-2,"Fishing",1,"Cooking",2,,
"Battle Mail S","7500z","Bulldrome Hide+",4,"Genprey Scale+",2,"Blango Pelt+",4,"Dragonite Ore",4,46,2,-2,0,-2,-1,"Male/ Female","Blade",6,4,7,"O--","SwdShrpner",2,"Guard",2,"Attack",2,"Stamina",-1,,
"Battle Vest S","7500z","Bulldrome Hide+",4,"Genprey Scale+",2,"Blango Pelt+",4,"Dragonite Ore",4,26,4,0,2,0,0,"Male/ Female","Gunner",6,4,7,"O--","Load",2,"ClustS Add",2,"Hunger",-1,"Attack",2,,
"Velociprey Mail S","7800z","Velociprey Scl+",4,"Velociprey Hide+",6,"Dragonite Ore",4,"High Quality Pelt",2,50,1,1,-1,1,0,"Male/ Female","Blade",6,4,7,"O--","Paralysis",-2,"Faint",3,"SwdShrpner",2,,,,
"Velociprey Vest S","7800z","Velociprey Scl+",4,"Velociprey Hide+",6,"Dragonite Ore",4,"High Quality Pelt",2,26,3,3,0,3,1,"Male/ Female","Gunner",6,4,7,"O--","Paralysis",-2,"Faint",3,"PelletS Up",2,,,,
"Vespoid Mail S","7800z","Vespoid InnrWng",3,"Vespoid Carapace",3,"Vespoid Wing",2,"Carpenterbug",10,50,-6,2,2,-5,-4,"Male/ Female","Blade",6,4,7,"OO-","Paralysis",1,"Poison",-2,"Everlastng",2,,,,
"Vespoid Vest S","7800z","Vespoid InnrWng",3,"Vespoid Carapace",3,"Vespoid Shell",5,"Carpenterbug",10,26,-5,5,2,-4,-3,"Male/ Female","Gunner",6,4,7,"O--","Paralysis",3,"Poison",-2,"Everlastng",2,,,,
"Hi-Metal Mail S","7800z","Carbalite Ore",5,"Lightcrystal",1,"Velociprey Hide+",3,"Machalite Ore",12,50,-2,3,0,-2,-1,"Male/ Female","Blade",6,4,7,"OO-","Defence",2,"All Resist",-2,"Gunnery",1,,,,
"Hi-Metal Vest S","7800z","Carbalite Ore",5,"Lightcrystal",1,"Velociprey Hide+",3,"Machalite Ore",12,26,0,5,0,0,0,"Male/ Female","Gunner",6,4,7,"O--","Defence",2,"All Resist",-2,"Gunnery",3,,,,
"Steel Mail S","8950z","Nova Crystal",1,"Lightcrystal",2,"Dragonite Ore",12,"Rubbery Hide+",2,52,2,-2,0,2,0,"Male/ Female","Blade",6,4,7,"O--","Guard",5,"Stamina",-2,,,,,,
"Hornet Mail S","8800z","HornetaurInnrWng",3,"Hornetaur Carpce",3,"Hornetaur Head",1,"Carpenterbug",10,52,-6,-5,2,-1,-5,"Male/ Female","Blade",6,4,7,"O--","Poison",-2,"Sharpness",2,"Dragon Res",3,,,,
"Hornet Vest S","8800z","HornetaurInnrWng",3,"Hornetaur Carpce",3,"Hornetaur Head",1,"Carpenterbug",10,26,-5,-3,3,2,-4,"Male/ Female","Gunner",6,4,7,"O--","Poison",-2,"PierceS Up",2,"Dragon Res",3,,,,
"Genprey Mail S","8800z","Gendrome Tail",3,"Genprey Scale+",4,"Carbalite Ore",3,"Bulldrome Hide",5,52,2,3,-1,-2,-2,"Male/ Female","Blade",6,4,7,"OO-","Paralysis",1,"Poison",-2,"Spc Attack",2,,,,
"Genprey Vest S","8800z","Gendrome Tail",3,"Genprey Scale+",4,"Carbalite Ore",3,"Bulldrome Hide",5,26,4,5,0,0,0,"Male/ Female","Gunner",6,4,7,"O--","Paralysis",3,"Poison",-2,"Spc Attack",2,,,,
"Ioprey Mail S","8950z","Ioprey Scale+",6,"Ioprey Hide+",9,"Carbalite Ore",4,"Stout Bone",3,52,3,-2,-1,2,1,"Male/ Female","Blade",6,4,7,"O--","Faint",-2,"Poison",3,"Defence",2,,,,
"Ioprey Vest S","8950z","Ioprey Scale+",6,"Ioprey Hide+",9,"Carbalite Ore",4,"Stout Bone",3,28,4,0,0,3,2,"Male/ Female","Gunner",6,4,7,"O--","Faint",-2,"Poison",3,"NormalS Up",2,,,,
"Kut-Ku Mail S","8950z","Kut-Ku Scale+",2,"Kut-Ku Carapace",3,"Kut-Ku Webbing",1,"Monster Bone+",3,52,2,0,-1,-2,-2,"Male/ Female","Blade",6,4,7,"OO-","Attack",1,"Defence",-2,"Fire Res",2,,,,
"Kut-Ku Vest S","8950z","Kut-Ku Scale+",2,"Kut-Ku Carapace",3,"Kut-Ku Webbing",1,"Monster Bone+",3,28,5,3,0,1,-1,"Male/ Female","Gunner",6,4,7,"O--","Attack",3,"Defence",-2,"Fire Res",2,,,,
"Cephalos Mail S","9000z","Cephalos Scale+",4,"Cephalos Fin+",5,"Lightcrystal",2,"Union Ore",3,54,-3,-4,0,2,2,"Male/ Female","Blade",6,4,7,"OO-","Heat Res",1,"Cold Res",-1,"PsychicVis",3,,,,
"Cephalos Vest S","9000z","Cephalos Scale+",4,"Cephalos Fin+",5,"Lightcrystal",2,"Union Ore",3,28,-1,-2,1,5,3,"Male/ Female","Gunner",6,4,7,"O--","Heat Res",3,"Cold Res",-1,"PsychicVis",3,,,,
"Conga Mail S","9000z","Congalala Pelt+",3,"Conga Pelt+",4,"Brute Bone",6,"King Scarab",3,54,-3,2,0,2,-1,"Male/ Female","Blade",6,4,7,"OO-","Antiseptic",2,"Sneak",-1,"ElementAtk",2,,,,
"Conga Vest S","9000z","Congalala Pelt+",3,"Conga Pelt+",4,"Brute Bone",6,"King Scarab",3,28,-1,4,1,4,0,"Male/ Female","Gunner",6,4,7,"OO-","Antiseptic",2,"Sneak",-1,"NormalS Up",2,,,,
"Gypceros Mail S","9000z","Rubbery Hide+",5,"Monster Broth",3,"Antiseptic Stone",10,"Gendrome Hide",3,54,-4,4,0,1,1,"Male/ Female","Blade",6,5,7,"OO-","Poison",1,"Hunger",-2,"Stamina",2,,,,
"Gypceros Vest S","9000z","Rubbery Hide+",5,"Monster Broth",3,"Antiseptic Stone",10,"Gendrome Hide",3,28,-1,6,0,4,3,"Male/ Female","Gunner",6,5,7,"O--","Poison",3,"Hunger",-2,"Stamina",2,,,,
"Khezu Mail S","9100z","Pale Khezu Steak",1,"Khezu Hide - Tan",3,"Monster Broth",6,"Lifepowder",3,56,-3,4,0,3,1,"Male/ Female","Blade",6,5,7,"OO-","Faint",-2,"Rec Speed",2,"Wide Area",1,,,,
"Khezu Vest S","9100z","Pale Khezu Steak",1,"Khezu Hide - Tan",3,"Monster Broth",6,"Lifepowder",3,28,-1,6,0,5,2,"Male/ Female","Gunner",6,5,7,"OO-","Faint",-2,"Rec Speed",2,"Wide Area",1,,,,
"Hermitaur Mail S","9100z","Hermitaur Carpce",3,"Hermitaur Shell",2,"King Scarab",3,"Stout Bone",3,56,-3,-4,1,3,0,"Male/ Female","Blade",6,4,7,"O--","Guard",2,"Throw",2,"Defence",2,"Stamina",-1,,
"Hermitaur Vest S","9100z","Hermitaur Carpce",3,"Hermitaur Shell",2,"King Scarab",3,"Stout Bone",3,28,-1,-2,2,5,1,"Male/ Female","Gunner",6,4,7,"O--","Load",2,"CragS Add",1,"Defence",2,"All Resist",-2,,
"Hypnoc Mail S","9100z","Hypnoc Feather",3,"Hypnoc Claw+",2,"Rainbow Down",5,"HypncGizzardStne",1,56,-2,0,1,2,1,"Male/ Female","Blade",6,7,7,"OOO","Sleep",1,"Hunger",-1,"Stamina",1,,,,
"Hypnoc Vest S","9100z","Hypnoc Feather",3,"Hypnoc Claw+",2,"Rainbow Down",5,"HypncGizzardStne",1,28,0,2,2,4,3,"Male/ Female","Gunner",6,7,7,"OOO","Sleep",1,"Hunger",-1,"Stamina",1,,,,
"Basarios Mail S","9100z","Basarios Carpace",5,"Fire Stone",1,"Toxin Sac",3,"Dragonite Ore",10,56,0,2,-2,2,1,"Male/ Female","Blade",6,5,7,"O--","Sleep",1,"Poison",2,"Defence",2,"Dragon Res",-2,,
"Basarios Vest S","9100z","Basarios Carpace",5,"Fire Stone",1,"Toxin Sac",3,"Dragonite Ore",10,28,2,4,0,4,2,"Male/ Female","Gunner",6,5,7,"O--","Sleep",1,"Poison",2,"Defence",2,"Dragon Res",-2,,
"Plesioth Mail S","9500z","Plesioth Fin+",3,"Plesioth Scale+",2,"Cephalos Scale+",2,"King Scarab",3,58,-4,-4,0,4,2,"Male/ Female","Blade",6,5,8,"O--","Hunger",-2,"Heat Res",2,"Cold Res",2,"Stamina",1,,
"Plesioth Vest S","9500z","Plesioth Fin+",3,"Plesioth Scale+",2,"Cephalos Scale+",2,"King Scarab",3,30,-2,-2,1,6,3,"Male/ Female","Gunner",6,5,8,"O--","Hunger",-2,"Heat Res",2,"Cold Res",2,"Stamina",1,,
"Monoblos Mail S","9900z","Monoblos Thrcic",3,"Majestic Red Hrn",1,"Monoblos Carpce",3,"Monoblos Heart",1,60,2,-2,-1,-1,-1,"Male/ Female","Blade",6,10,"8!","OO-","Attack",2,"Protection",-1,"Potential",2,,,,
"Monoblos Vest S","9900z","Monoblos Thrcic",3,"Majestic Red Hrn",1,"Monoblos Carpce",3,"Monoblos Heart",1,30,4,0,0,2,0,"Male/ Female","Gunner",6,10,"8!","OO-","Attack",2,"Protection",-1,"Potential",2,,,,
"Yian Garuga Mail S","9900z","Garuga Scale+",4,"Garuga Carapace",4,"Garuga Wing",4,"Gendrome Tail",2,60,2,2,0,0,0,"Male/ Female","Blade",6,8,8,"OO-","Expert",1,"HearProtct",2,"Gathering",-2,,,,
"Yian Garuga Vest S","9900z","Garuga Scale+",4,"Garuga Carapace",4,"Garuga Wing",4,"Gendrome Tail",2,30,3,3,0,2,1,"Male/ Female","Gunner",6,8,8,"OO-","Expert",1,"HearProtct",2,"Gathering",-2,,,,
"Blango Mail S","9900z","Blangonga Pelt+",3,"Kirin Mane",2,"Giaprey Hide+",3,"Velociprey Hide+",3,60,-4,0,1,2,3,"Male/ Female","Blade",6,5,8,"O--","Snow Res",2,"Attack",2,"Heat Res",-1,"Cold Res",2,,
"Blango Vest S","9900z","Blangonga Pelt+",3,"Kirin Mane",2,"Giaprey Hide+",3,"Velociprey Hide+",3,30,-3,1,2,4,5,"Male/ Female","Gunner",6,5,8,"O--","Snow Res",2,"Attack",2,"Heat Res",-1,"Cold Res",2,,
"Ceanataur Mail S","10050z","Ceanataur Carpce",3,"Sm Ceanataur Shl",6,"Carbalite Ore",4,"Rare Scarab",4,61,1,-1,0,2,-1,"Male/ Female","Blade",6,5,8,"O--","Artisan",2,"SwdShrpner",1,"Attack",2,"Defence",-2,,
"Ceanataur Vest S","10050z","Ceanataur Carpce",3,"Sm Ceanataur Shl",6,"Carbalite Ore",4,"Rare Scarab",4,30,2,0,2,4,0,"Male/ Female","Gunner",6,5,8,"O--","PierceS Up",2,"PierceSAdd",3,"Defence",-2,,,,
"Rathian Mail S","10250z","Rathian Ruby",1,"Rathian Scale+",3,"Rathian Spike",2,"Nova Crystal",1,62,2,-2,-4,0,0,"Male/ Female","Blade",6,5,9,"O--","Faint",-1,"Poison",2,"Health",4,,,,
"Rathian Vest S","10250z","Rathian Ruby",1,"Rathian Scale+",3,"Rathian Spike",2,"Nova Crystal",1,30,4,0,-2,2,2,"Male/ Female","Gunner",6,5,9,"O--","Faint",-1,"Poison",2,"Health",4,,,,
"Naruga Mail S","10250z","Naruga Pelt",3,"Naruga Scale+",2,"Naruga Fang+",4,"Union Ore",4,62,-4,-3,0,3,2,"Male/ Female","Blade",6,8,9,"O--","Attack",-2,"Evade Inc",2,"Technique",3,,,,
"Naruga Vest S","10250z","Naruga Pelt",3,"Naruga Scale+",2,"Naruga Fang+",4,"Union Ore",4,30,-2,-1,1,4,3,"Male/ Female","Gunner",6,8,9,"O--","Attack",-2,"Evade Inc",2,"Technique",3,,,,
"Tigrex Mail S","10750z","Tigrex Carapace",3,"Tigrex Fang+",2,"Tigrex Claw+",3,"Hrd Monster Bone",2,64,3,-2,-1,2,3,"Male/ Female","Blade",6,6,9,"O--","Protection",-2,"HearProtct",2,"PsychicVis",1,"Cooking",2,,
"Tigrex Vest S","10750z","Tigrex Carapace",3,"Tigrex Fang+",2,"Tigrex Claw+",3,"Hrd Monster Bone",2,30,4,-1,0,3,4,"Male/ Female","Gunner",6,6,9,"O--","Protection",-2,"HearProtct",2,"PsychicVis",1,"Cooking",2,,
"Rathalos Mail S","10750z","Rathalos Scale+",3,"Rathalos Carpace",3,"Hrd Monster Bone",2,"Nova Crystal",1,64,2,2,-4,-1,-3,"Male/ Female","Blade",6,5,9,"O--","Faint",-2,"Rec Speed",1,"Attack",4,,,,
"Rathalos Vest S","10750z","Rathalos Scale+",3,"Rathalos Carpace",3,"Hrd Monster Bone",2,"Nova Crystal",1,30,4,5,-2,0,-1,"Male/ Female","Gunner",6,5,9,"O--","Faint",-2,"Rec Speed",1,"Attack",4,,,,
"Diablo Mail S","10750z","Diablos Thoracic",1,"Majestic Horn",1,"Diablos Carapace",2,"Hrd Monster Bone",2,64,3,1,0,-1,-2,"Male/ Female","Blade",6,6,9,"O--","Health",-2,"Expert",3,"WindPress",2,,,,
"Diablo Vest S","10750z","Diablos Thoracic",1,"Majestic Horn",1,"Diablos Carapace",2,"Hrd Monster Bone",2,30,5,4,0,2,-1,"Male/ Female","Gunner",6,6,9,"O--","Health",-2,"Expert",3,"WindPress",2,,,,
"Gravios Mail S","10750z","Gravios Carapace",5,"Gravios Shell",2,"Monster Bone+",2,"Fire Stone",2,64,2,2,-2,-2,0,"Male/ Female","Blade",6,6,9,"OO-","Guard",2,"Defence",1,"Stamina",-2,,,,
"Gravios Vest S","10750z","Gravios Carapace",5,"Gravios Shell",2,"Monster Bone+",2,"Fire Stone",2,30,4,3,0,1,1,"Male/ Female","Gunner",6,6,9,"OO-","Recoil",2,"Defence",1,"Stamina",-2,,,,
"Leather Armor U","1350z","Giaprey Hide+",4,"Iron Ore",6,"High Quality Pelt",2,"Bulldrome Hide+",2,20,2,0,0,0,0,"Male/ Female","Blade/ Gunner",7,4,7,"OO-","Sneak",-1,"Gathering",2,"Alchemy",2,,,,
"Chain Mail U","1650z","Carbalite Ore",2,"Rainbow Ore",2,"Dragonite Ore",4,"Genprey Hide+",3,22,2,-2,0,2,1,"Male/ Female","Blade/ Gunner",7,4,7,"OO-","Backpackng",2,"Map",-1,"Whim",2,,,,
"Hunter's Mail U","5350z","King Scarab",4,"Carbalite Ore",2,"Rathalos Scale",2,"Black Blos Shell",3,36,0,-4,0,0,0,"Male/ Female","Blade",7,4,7,"OO-","Sleep",-2,"BombStrUp",2,"PsychicVis",1,,,,
"Hunter's Vest U","5350z","King Scarab",4,"Carbalite Ore",2,"Rathalos Scale",2,"Black Blos Shell",3,24,2,-2,0,2,2,"Male/ Female","Gunner",7,4,7,"OO-","Sleep",-2,"CragS Add",2,"PsychicVis",1,,,,
"Bone Mail U","7200z","Ioprey Hide+",4,"Wyvern Skull Shl",1,"Bulldrome Hide",4,"Brute Bone",10,42,2,-2,-2,2,-2,"Male/ Female","Blade",7,4,7,"OO-","Guard",-1,"Anti-Theft",2,"Horn",1,"Fatigue",1,,
"Bone Vest U","7200z","Ioprey Hide+",4,"Wyvern Skull Shl",1,"Bulldrome Hide",4,"Brute Bone",10,24,5,0,0,5,-1,"Male/ Female","Gunner",7,4,7,"O--","Anti-Theft",2,"Precision",-2,"Fatigue",3,,,,
"Battle Mail U","7500z","Bulldrome Hide+",4,"Remobra Skin",3,"Carbalite Ore",4,"Rainbow Ore",5,44,2,-2,0,-2,-1,"Male/ Female","Blade",7,4,7,"OO-","Guard",2,"Defence",1,"Stamina",-2,,,,
"Battle Vest U","7500z","Bulldrome Hide+",4,"Remobra Skin",3,"Carbalite Ore",4,"Rainbow Ore",5,24,4,0,2,0,0,"Male/ Female","Gunner",7,4,7,"OO-","Load",2,"Defence",1,"All Resist",-2,,,,
"Giaprey Mail U","7500z","Giaprey Scale+",4,"Giaprey Hide+",3,"Black Blos Shell",2,"Carpenterbug",10,44,0,1,-1,1,3,"Male/ Female","Blade",7,4,7,"OO-","Snow Res",1,"Fire Res",-2,"Evade",2,,,,
"Giaprey Vest U","7500z","Giaprey Scale+",4,"Giaprey Hide+",3,"Black Blos Shell",2,"Carpenterbug",10,24,1,3,0,3,4,"Male/ Female","Gunner",7,4,7,"OO-","Snow Res",1,"Fire Res",-2,"Evade",2,,,,
"Vespoid Mail U","7800z","Vespoid InnrWng",3,"Vespoid Carapace",3,"Rainbow Insect",2,"Sleep Sac",4,48,-6,2,2,-5,-4,"Male/ Female","Blade",7,4,7,"OO-","Sleep",2,"Spc Attack",2,"Water Res",-1,,,,
"Vespoid Vest U","7800z","Vespoid InnrWng",3,"Vespoid Carapace",3,"Rainbow Insect",2,"Sleep Sac",4,24,-5,5,2,-4,-3,"Male/ Female","Gunner",7,4,7,"OO-","Sleep",2,"Spc Attack",2,"Water Res",-1,,,,
"Hi-Metal Mail U","7800z","Basarios Tears",1,"Carbalite Ore",5,"Black Pearl",1,"Machalite Ore",8,48,-2,3,0,-2,-1,"Male/ Female","Blade",7,5,7,"OO-","ElementAtk",1,"Protection",2,"Stamina",-2,,,,
"Hi-Metal Vest U","7800z","Basarios Tears",1,"Carbalite Ore",5,"Black Pearl",1,"Machalite Ore",8,24,0,5,0,0,0,"Male/ Female","Gunner",7,5,7,"OO-","ElementAtk",1,"Protection",2,"Stamina",-2,,,,
"Steel Mail U","8950z","Nova Crystal",1,"Rainbow Ore",3,"Lightcrystal",2,"Rubbery Hide+",2,50,2,-2,0,2,0,"Male/ Female","Blade",7,4,7,"O--","Guard",5,"Stamina",-2,,,,,,
"Hornet Mail U","8800z","HornetaurInnrWng",3,"Hornetaur Carpce",3,"Rainbow Insect",2,"Fire Stone",1,50,-6,-5,2,-1,-5,"Male/ Female","Blade",7,4,7,"OO-","Protection",-2,"HearProtct",1,"Gathering",2,,,,
"Hornet Vest U","8800z","HornetaurInnrWng",3,"Hornetaur Carpce",3,"Rainbow Insect",2,"Fire Stone",1,24,-5,-3,3,2,-4,"Male/ Female","Gunner",7,4,7,"OO-","Protection",-2,"HearProtct",1,"Gathering",2,,,,
"Genprey Mail U","8800z","Genprey Scale+",6,"Rainbow Insect",3,"Gendrome Tail",3,"Small Goldenfish",6,50,2,3,-1,-2,-2,"Male/ Female","Blade",7,4,7,"OO-","Paralysis",1,"Ice Res",-2,"Fate",2,,,,
"Genprey Vest U","8800z","Genprey Scale+",6,"Rainbow Insect",3,"Gendrome Tail",3,"Small Goldenfish",6,24,4,5,0,0,0,"Male/ Female","Gunner",7,4,7,"OO-","Paralysis",1,"Ice Res",-2,"Fate",2,,,,
"Ioprey Mail U","8950z","Ioprey Scale+",6,"Rainbow Insect",3,"Rubbery Hide+",2,"King Scarab",2,50,3,-2,-1,2,1,"Male/ Female","Blade",7,5,7,"OO-","Poison",1,"ThunderRes",-2,"Recovery",2,,,,
"Ioprey Vest U","8950z","Ioprey Scale+",6,"Rainbow Insect",3,"Rubbery Hide+",2,"King Scarab",2,26,4,0,0,3,2,"Male/ Female","Gunner",7,5,7,"OO-","Poison",1,"ThunderRes",-2,"Recovery",2,,,,
"Kut-Ku Mail U","8950z","Blue Kut-Ku Scl+",2,"Blue Kut-Ku Cpc",3,"Bulldrome Hide+",1,"Stout Bone",3,50,2,0,-1,-2,-2,"Male/ Female","Blade",7,4,7,"OO-","Health",-2,"Expert",1,"ElementAtk",2,,,,
"Kut-Ku Vest U","8950z","Blue Kut-Ku Scl+",2,"Blue Kut-Ku Cpc",3,"Bulldrome Hide+",1,"Stout Bone",3,26,5,3,0,1,-1,"Male/ Female","Gunner",7,4,7,"OO-","Health",-2,"Expert",1,"ElementAtk",2,,,,
"Cephalos Mail U","9000z","Coral Cphlos Scl",2,"Coral Cphlos Fin",3,"Machalite Ore",10,"Iron Ore",20,52,-3,-4,0,2,2,"Male/ Female","Blade",7,4,7,"OO-","Hunger",2,"Heat Res",2,"Cold Res",-1,,,,
"Cephalos Vest U","9000z","Coral Cphlos Scl",2,"Coral Cphlos Fin",3,"Machalite Ore",10,"Iron Ore",20,26,-1,-2,1,5,3,"Male/ Female","Gunner",7,4,7,"OO-","Hunger",2,"Heat Res",2,"Cold Res",-1,,,,
"Conga Mail U","9000z","Congalala Pelt+",3,"Conga Pelt+",4,"Brute Bone",6,"Rainbow Insect",3,52,-3,2,0,2,-1,"Male/ Female","Blade",7,4,7,"OO-","BombStrUp",2,"Hunger",-2,"Potential",1,,,,
"Conga Vest U","9000z","Congalala Pelt+",3,"Conga Pelt+",4,"Brute Bone",6,"Rainbow Insect",3,26,-1,4,1,4,0,"Male/ Female","Gunner",7,4,7,"OO-","PelletS Up",1,"BombStrUp",2,"Hunger",-2,,,,
"Gypceros Mail U","9000z","Pur GypcerosWng",4,"Monster Broth",3,"Antiseptic Stone",10,"King Scarab",2,52,-4,4,0,1,1,"Male/ Female","Blade",7,5,7,"OO-","Faint",2,"WindPress",2,"Fate",-1,,,,
"Gypceros Vest U","9000z","Pur GypcerosWng",4,"Monster Broth",3,"Antiseptic Stone",10,"King Scarab",2,26,-1,6,0,4,3,"Male/ Female","Gunner",7,5,7,"OO-","Faint",2,"WindPress",2,"Fate",-1,,,,
"Khezu Mail U","9100z","Alluring Webbing",3,"Pale Khezu Steak",1,"Hrd Monster Bone",1,"Lifepowder",3,54,3,4,0,-3,0,"Male/ Female","Blade",7,5,7,"OO-","Rec Speed",-1,"Wide Area",2,"Recovery",2,,,,
"Khezu Vest U","9100z","Alluring Webbing",3,"Pale Khezu Steak",1,"Hrd Monster Bone",1,"Lifepowder",3,26,5,6,0,-1,1,"Male/ Female","Gunner",7,5,7,"OO-","Rec Speed",-1,"Wide Area",2,"Recovery",2,,,,
"Hermitaur Mail U","9100z","Hermitaur Carpce",4,"Rainbow Insect",1,"Killer Beetle",3,"Genprey Hide+",4,54,-3,-4,1,3,0,"Male/ Female","Blade",7,4,7,"OO-","Guard Up",2,"Defence",1,"ThunderRes",-2,,,,
"Hermitaur Vest U","9100z","Hermitaur Carpce",4,"Rainbow Insect",1,"Killer Beetle",3,"Genprey Hide+",4,26,-1,-2,2,5,1,"Male/ Female","Gunner",7,4,7,"OO-","Guard Up",2,"Defence",1,"ThunderRes",-2,,,,
"Basarios Mail U","9100z","Basarios Carpace",5,"Firecell Stone",1,"Toxin Sac",3,"Machalite Ore",20,54,0,2,-2,2,1,"Male/ Female","Blade",7,5,7,"O--","Faint",-2,"Guard",2,"Terrain",3,,,,
"Basarios Vest U","9100z","Basarios Carpace",5,"Firecell Stone",1,"Toxin Sac",3,"Machalite Ore",20,26,2,4,0,4,2,"Male/ Female","Gunner",7,5,7,"O--","Faint",-2,"PierceSAdd",3,"Terrain",2,,,,
"Plesioth Mail U","9500z","Grn Plsioth Scl+",3,"Grn Plsioth Fin+",4,"Monster Broth",3,"Grn Plesioth Scl",3,56,-4,-4,0,4,2,"Male/ Female","Blade",7,5,8,"O--","Poison",-2,"Hunger",3,"Everlastng",2,,,,
"Plesioth Vest U","9500z","Grn Plsioth Scl+",3,"Grn Plsioth Fin+",4,"Monster Broth",3,"Grn Plesioth Scl",3,28,-2,-2,1,6,3,"Male/ Female","Gunner",7,5,8,"O--","Poison",-2,"Hunger",3,"Everlastng",2,,,,
"Blango Mail U","9900z","Blangonga Pelt+",3,"Rathian Scale+",2,"Genprey Hide+",3,"Carpenterbug",8,58,-4,0,1,2,3,"Male/ Female","Blade",7,5,8,"OO-","Spc Attack",1,"HearProtct",2,"Terrain",-2,,,,
"Blango Vest U","9900z","Blangonga Pelt+",3,"Rathian Scale+",2,"Genprey Hide+",3,"Carpenterbug",8,28,-3,1,2,4,5,"Male/ Female","Gunner",7,5,8,"OO-","Spc Attack",1,"HearProtct",2,"Terrain",-2,,,,
"Ceanataur Mail U","10050z","Ceanataur Carpce",3,"Sm Ceanataur Shl",6,"Monster Bone+",3,"DaoraDragonScale",2,59,1,-1,0,2,-1,"Male/ Female","Blade",7,5,8,"OO-","Health",-1,"Sharpness",2,"Expert",2,,,,
"Ceanataur Vest U","10050z","Ceanataur Carpce",3,"Sm Ceanataur Shl",6,"Monster Bone+",3,"DaoraDragonScale",2,28,2,0,2,4,0,"Male/ Female","Gunner",7,5,8,"OO-","Health",-1,"Expert",2,"Load",2,,,,
"Diablo Mail U","10750z","Blk Blos Thracic",1,"Majestic Horn",1,"Black Blos Cpc",2,"Hrd Monster Bone",2,62,3,1,0,-1,-2,"Male/ Female","Blade",7,6,9,"O--","Sharpness",2,"Defence",-2,"WindPress",3,,,,
"Diablo Vest U","10750z","Blk Blos Thracic",1,"Majestic Horn",1,"Black Blos Cpc",2,"Hrd Monster Bone",2,28,5,4,0,2,-1,"Male/ Female","Gunner",7,6,9,"O--","Load",2,"WindPress",3,"Fate",-2,,,,
"Gravios Mail U","10750z","Blk Gravios Cpc",5,"Blk Gravios Shl",2,"Hrd Monster Bone",2,"Gravios BrainStm",1,62,2,2,0,-2,1,"Male/ Female","Blade",7,6,9,"OOO","Guard Up",1,"Hunger",-1,"Defence",1,,,,
"Gravios Vest U","10750z","Blk Gravios Cpc",5,"Blk Gravios Shl",2,"Hrd Monster Bone",2,"Gravios BrainStm",1,28,4,3,0,1,2,"Male/ Female","Gunner",7,6,9,"OOO","Guard Up",1,"Hunger",-1,"Defence",1,,,,
"Famitsu T-Shirt S","3750z","Famitsu Invoice",5,"Pokke Ticket",2,"Yian Garuga Coin",6,"Kirin Coin",3,30,4,4,4,4,4,"Male/ Female","Blade/ Gunner",8,"6!",10,"O--","Antiseptic",2,"Protection",5,,,,,,
"Hunter T-Shirt","3750z","Hunter's Ticket",3,"Pokke Ticket",2,"Daora Carapace",3,"Tigrex Scale+",4,30,4,4,4,4,4,"Male/ Female","Blade/ Gunner",8,"6!",10,"OO-","Fate",5,,,,,,,,
"Black Belt Mail S","5250z","Rare Scarab",4,"Expert Ticket",6,"Rajang Coin",6,"Yian Garuga Coin",10,30,3,3,3,3,3,"Male/ Female","Blade/ Gunner",8,8,8,"O--","Artisan",2,"Map",-2,"Loading",2,"Cooking",1,,
"Shinobi Suit(Heaven)","16000z","Fatalis Webbing",1,"Commendation",1,"Pokke Ticket",1,"FireWyvrn Marrow",2,30,2,4,2,-6,-3,"Male/ Female","Blade/ Gunner",8,"6!",10,"OO-","ElementAtk",2,"Cold Res",-1,"Evade",2,,,,
"Shinobi Suit (Earth)","16000z","Fatalis Webbing",1,"Commendation",1,"Pokke Ticket",1,"FireWyvrn Marrow",2,30,2,4,2,-6,-3,"Male/ Female","Blade/ Gunner",8,"6!",10,"OO-","Sneak",2,"Hunger",2,"Heat Res",-1,,,,
"Red Guild Guard Suit","16000z","Firecell Stone",2,"FlynMealPassPlus",1,"Commendation",1,"Rathalos Carpace",4,30,0,0,0,0,0,"Male","Blade/ Gunner",8,5,9,"---","Protection",-2,"Backpackng",2,"Whim",3,"Fate",2,,
"Red Guild Guard Vest","16000z","Firecell Stone",2,"FlynMealPassPlus",1,"Commendation",1,"Gaoren Spine",3,30,0,0,0,0,0,"Male","Blade/ Gunner",8,4,9,"---","PelletS Up",2,"PelletSAdd",3,"Protection",-2,"Backpackng",2,,
"Blue GuildGuard Suit","16000z","Nova Crystal",1,"Pokke Ticket",2,"Commendation",1,"Plesioth Fin+",3,30,0,0,0,0,0,"Male","Blade/ Gunner",8,5,8,"---","Protection",2,"Fate",-3,"Carving",4,,,,
"Blue GuildGuard Vest","16000z","Nova Crystal",1,"Pokke Ticket",2,"Commendation",1,"Plesioth Scale+",6,30,0,0,0,0,0,"Male","Blade/ Gunner",8,5,8,"---","NormalS Up",2,"Fate",-3,"Carving",4,,,,
"Red Guild Guard Suit","16000z","Firecell Stone",2,"FlynMealPassPlus",1,"Commendation",1,"Rathalos Carpace",4,30,0,0,0,0,0,"Female","Blade/ Gunner",8,5,9,"---","Protection",-2,"Backpackng",2,"Whim",3,"Fate",2,,
"Red Guild Guard Vest","16000z","Firecell Stone",2,"FlynMealPassPlus",1,"Commendation",1,"Gaoren Spine",3,30,0,0,0,0,0,"Female","Blade/ Gunner",8,4,9,"---","PelletS Up",2,"PelletSAdd",3,"Protection",-2,"Backpackng",2,,
"Blue GuildGuard Suit","16000z","Nova Crystal",1,"Pokke Ticket",2,"Commendation",1,"Plesioth Fin+",3,30,0,0,0,0,0,"Female","Blade/ Gunner",8,5,8,"---","Protection",2,"Fate",-3,"Carving",4,,,,
"Blue GuildGuard Vest","16000z","Nova Crystal",1,"Pokke Ticket",2,"Commendation",1,"Plesioth Scale+",6,30,0,0,0,0,0,"Female","Blade/ Gunner",8,5,8,"---","NormalS Up",2,"Fate",-3,"Carving",4,,,,
"Devil Blos Mail","5800z","One-HornedTicket",1,"Diablos Carapace",2,"Majestic Horn",1,"Hrd Monster Bone",2,40,3,1,0,-1,-2,"Male/ Female","Blade",8,6,9,"O--","PsychicVis",4,"Stamina",1,"Technique",-1,"Fast Chrge",1,,
"Devil Blos Vest","5800z","One-HornedTicket",1,"Diablos Carapace",2,"Majestic Horn",1,"Hrd Monster Bone",2,20,5,4,0,2,-1,"Male/ Female","Gunner",8,6,9,"O--","PsychicVis",4,"Stamina",1,"Technique",-1,"Fast Chrge",1,,
"Jolly Roger Suit","13500z","Pirate J Ticket",1,"Fire Drgn Scl+",3,"Ancient Fish",2,"Remobra Skin+",3,48,0,0,0,0,0,"Male/ Female","Blade",8,"6!",10,"---","BombStrUp",1,"Protection",-1,"Fate",3,"Carving",4,,
"Jolly Roger Jacket","13500z","Pirate J Ticket",1,"Fire Drgn Scl+",3,"Ancient Fish",2,"Remobra Skin+",3,24,0,0,0,0,0,"Male/ Female","Gunner",8,"6!",10,"---","BombStrUp",1,"Protection",-1,"Fate",3,"Carving",4,,
"Golden Haori","15500z","Rajang Horn",1,"Gold Rajang Pelt",1,"Blk Rajang Pelt",2,,,55,3,2,3,2,-2,"Male/ Female","Blade",8,6,6,"---","Sneak",-2,"Artisan",2,"Potential",3,"Horn",2,,
"PuppetMaster Costume","15500z","Rajang Horn",1,"Blk Rajang Pelt",4,"DaoraDragonScal+",2,"Daora Webbing",2,28,4,3,4,3,-1,"Male/ Female","Gunner",8,6,8,"---","Sneak",2,"Potential",3,"Precision",-1,"Gunnery",3,,
"Obituary Petto S","9100z","Rare Scarab",2,"Great Hornfly",3,"Killer Beetle",8,"Toxin Sac",3,56,3,3,2,-5,-4,"Male","Blade",8,4,7,"O--","Spc Attack",2,"Cold Res",-2,"Evade",3,,,,
"Obituary Pectus S","9100z","Rare Scarab",2,"Great Hornfly",3,"Killer Beetle",8,"Toxin Sac",3,28,4,5,2,-4,-3,"Male","Gunner",8,4,7,"O--","Spc Attack",2,"Cold Res",-2,"Evade",3,,,,
"Butterfly Petto S","9100z","Rare Scarab",2,"Great Hornfly",3,"Killer Beetle",8,"Toxin Sac",3,56,3,3,2,-5,-4,"Female","Blade",8,4,7,"O--","Spc Attack",2,"Cold Res",-2,"Evade",3,,,,
"Butterfly Pectus S","9100z","Rare Scarab",2,"Great Hornfly",3,"Killer Beetle",8,"Toxin Sac",3,28,4,5,2,-4,-3,"Female","Gunner",8,4,7,"O--","Spc Attack",2,"Cold Res",-2,"Evade",3,,,,
"DeathStench Muscle S","10750z","Sinister Cloth",2,"Blangonga Fang+",2,"Unknown Skull",3,"Elder Drgn Bone",3,64,2,1,0,1,-1,"Male/ Female","Blade",8,5,8,"O--","Health",-3,"Fencing",2,"Spc Attack",2,,,,
"Death Stench Heart S","10750z","Sinister Cloth",2,"Blangonga Fang+",2,"Unknown Skull",3,"Elder Drgn Bone",3,30,3,2,1,2,0,"Male/ Female","Gunner",8,5,8,"O--","Health",-3,"Spc Attack",2,"Speed Fire",2,,,,
"SupremeMizuha Guards","14000z","Chameleos Hide+",2,"ChameleosWebbing",3,"Alluring Webbing",2,"Firecell Stone",2,64,-4,0,-1,3,4,"Male/ Female","Blade",8,6,9,"O--","HearProtct",2,"WindPress",3,"Terrain",-2,,,,
"SprmExtrvagantCamise","14000z","Chameleos Hide+",2,"ChameleosWebbing",3,"Alluring Webbing",2,"Firecell Stone",2,30,-3,1,0,4,5,"Male/ Female","Gunner",8,6,9,"O--","HearProtct",2,"WindPress",3,"Terrain",-2,,,,
"Kushala Cista S","16000z","Daora Carapace",2,"Daora Webbing",2,"Carbalite Ore",4,"ElderDragonBlood",2,66,0,-2,-3,2,4,"Male/ Female","Blade",8,6,8,"O--","Poison",-2,"Sharpness",2,"Terrain",2,"Fast Chrge",1,,
"Kushala Vise S","16000z","Daora Carapace",2,"Daora Webbing",2,"Carbalite Ore",4,"ElderDragonBlood",2,32,2,-2,-2,3,5,"Male/ Female","Gunner",8,6,8,"O--","Poison",-2,"PierceS Up",2,"Terrain",2,"Fast Chrge",1,,
"Kirin Jacket S","16000z","Kirin Hide+",1,"Kirin Hide",3,"Pale Khezu Steak",1,"Nova Crystal",1,66,0,4,-1,2,0,"Male/ Female","Blade",8,5,9,"O--","ElementAtk",2,"All Resist",3,"Everlastng",-2,,,,
"Kirin Cape S","16000z","Kirin Hide+",1,"Kirin Hide",3,"Pale Khezu Steak",1,"Nova Crystal",1,32,1,6,0,4,1,"Male/ Female","Gunner",8,5,9,"O--","ElementAtk",2,"All Resist",3,"Everlastng",-2,,,,
"Auroros Torso Haku","16000z","Lao-ShanCarapace",4,"Fire Dragon Pwdr",2,"Monoblos Heart",1,"Commendation",3,66,-2,0,-4,2,2,"Male","Blade",8,6,9,"O--","Faint",-1,"Rec Speed",2,"Guard",2,"Guard Up",2,,
"Genesis Torso Haku","16000z","Lao-ShanCarapace",4,"Fire Dragon Pwdr",2,"Monoblos Heart",1,"Commendation",3,32,1,2,-2,3,3,"Male","Gunner",8,6,9,"O--","Faint",-1,"Rec Speed",2,"Load",4,,,,
"Borealis Chest Haku","16000z","Lao-ShanCarapace",4,"Fire Dragon Pwdr",2,"Monoblos Heart",1,"Commendation",3,66,-2,0,-4,2,2,"Female","Blade",8,6,9,"O--","Faint",-1,"Rec Speed",2,"Guard",2,"Guard Up",2,,
"Glyph Chest Haku","16000z","Lao-ShanCarapace",4,"Fire Dragon Pwdr",2,"Monoblos Heart",1,"Commendation",3,32,1,2,-2,3,3,"Female","Gunner",8,6,9,"O--","Faint",-1,"Rec Speed",2,"Load",4,,,,
"Ultimate Indra Vest","21000z","Gaoren Carapace",2,"Gaoren Thoracic",1,"Daora Carapace",1,"Rare Scarab",2,70,-2,2,-2,3,2,"Male/ Female","Blade",8,6,9,"O--","Guard",3,"Cooking",-2,"Quake Res",2,,,,
"SupremeSteadfastVest","21000z","Gaoren Carapace",2,"Gaoren Thoracic",1,"Daora Carapace",1,"Rare Scarab",2,34,0,3,-1,5,3,"Male/ Female","Gunner",8,6,9,"O--","Recoil",2,"Fate",1,"Cooking",-2,"Quake Res",2,,
"Kaiser Mail S","21000z","Fire Dragon Pwdr",2,"Teostra Carapace",3,"Firecell Stone",3,"ElderDragonBlood",3,70,5,0,-2,-1,0,"Male/ Female","Blade",8,6,9,"O--","Expert",3,"Cold Res",-2,"Fatigue",2,,,,
"Kaiser Vest S","21000z","Fire Dragon Pwdr",2,"Teostra Carapace",3,"Firecell Stone",3,"ElderDragonBlood",3,34,6,2,-1,1,0,"Male/ Female","Gunner",8,6,9,"O--","Expert",3,"Cold Res",-2,"Fatigue",2,,,,
"Dragonhide S","22222z","Fatalis Horn",2,"Fatalis Shell",3,"Fatalis Scale",2,"Rathalos Ruby",1,70,0,2,-5,2,2,"Male/ Female","Blade",8,"6!",10,"---","Sharpness",2,"Fencing",2,"Expert",-2,"Protection",-3,,
"Dragonskin S","22222z","Fatalis Horn",2,"Fatalis Shell",3,"Fatalis Scale",2,"Rathalos Ruby",1,34,2,4,-2,4,3,"Male/ Female","Gunner",8,"6!",10,"---","Expert",-2,"NormalS Up",2,"Protection",-3,"Speed Fire",2,,
"Dark Akantor Aegis","21000z","Akantor Fang",2,"Akantor Shell",3,"Akantor Scale",2,"Gravios BrainStm",5,70,2,-1,-4,3,4,"Male/ Female","Blade",8,6,9,"O--","Artisan",2,"Expert",2,"HearProtct",1,"Fast Chrge",-2,,
"Dark Akantor Plate","21000z","Akantor Fang",2,"Akantor Shell",3,"Akantor Scale",2,"Gravios BrainStm",5,34,3,0,-2,4,5,"Male/ Female","Gunner",8,6,9,"O--","Expert",2,"HearProtct",1,"Loading",2,"Fast Chrge",-2,,
"Bistro Jacket U","3000z","Khezu Hide - Tan",2,"FlynMealPassPlus",1,"Spicy Mushroom",5,,,28,2,2,2,2,2,"Male/ Female","Blade/ Gunner",8,5,7,"O--","Gluttony",1,"Cooking",3,"BBQ",3,,,,
"Shinobi Suit (Sky)","16000z","Fatalis Webbing",1,"Commendation",1,"Rainbow Insect",3,"Gld Rathian Cpc",2,28,2,4,2,-6,-3,"Male/ Female","Blade/ Gunner",8,"6!",10,"OO-","Spc Attack",2,"Cold Res",-1,"Evade",2,,,,
"Shinobi Suit (Sea)","16000z","Fatalis Webbing",1,"Commendation",1,"Rainbow Insect",3,"Gld Rathian Cpc",2,28,2,4,2,-6,-3,"Male/ Female","Blade/ Gunner",8,"6!",10,"OO-","Sneak",-1,"Hunger",2,"Wide Area",2,,,,
"Guardian Suit U","16000z","Union Ore",3,"Chaoshroom",4,"Expert Ticket",2,"Shogun Coin",3,28,0,0,0,0,0,"Male","Blade/ Gunner",8,4,7,"OO-","Protection",2,"Stamina",-1,"Gunnery",2,,,,
"Guardian Vest U","16000z","Union Ore",3,"Chaoshroom",4,"Expert Ticket",2,"Fire Coin",3,28,0,0,0,0,0,"Male","Blade/ Gunner",8,4,7,"OO-","Sneak",-1,"Protection",2,"Wide Area",2,,,,
"Helper Vest U","16000z","Union Ore",3,"Chaoshroom",4,"Expert Ticket",2,"Shogun Coin",3,28,0,0,0,0,0,"Female","Blade/ Gunner",8,4,7,"OO-","Protection",2,"Stamina",-1,"Gunnery",2,,,,
"Healer Vest U","16000z","Union Ore",3,"Chaoshroom",4,"Expert Ticket",2,"Fire Coin",3,28,0,0,0,0,0,"Female","Blade/ Gunner",8,4,7,"OO-","Sneak",-1,"Protection",2,"Wide Area",2,,,,
"MelahoaFlowerJacketU","7800z","King Scarab",4,"Dosbiscus",5,"FlynMealPassPlus",1,"Monster Broth",8,48,0,1,0,1,0,"Male/ Female","Blade",8,4,7,"O--","Health",-1,"Gathering",3,"HiSpdGathr",2,"Recovery",1,,
"Melahoa Stalk U","7800z","King Scarab",4,"Dosbiscus",5,"FlynMealPassPlus",1,"Monster Broth",8,24,0,1,0,2,0,"Male/ Female","Gunner",8,4,7,"O--","Health",-1,"Gathering",3,"HiSpdGathr",2,"Recovery",1,,
"Makluva Cover U","9000z","Cephalos Fin+",4,"Springnight Carp",5,"Gastronome Tuna",1,"Book of Combos 1",1,52,0,-2,0,2,0,"Male/ Female","Blade",8,4,7,"OO-","MixSucRate",3,"Alchemy",2,,,,,,
"Makluva Scale U","9000z","Cephalos Fin+",4,"Springnight Carp",5,"Gastronome Tuna",1,"Book of Combos 1",1,26,0,-1,0,3,0,"Male/ Female","Gunner",8,4,7,"OO-","MixSucRate",3,"Alchemy",2,,,,,,
"Monodevil Mail U","9900z","WhtMnoblosThrcic",3,"Wht Monoblos Cpc",2,"Majestic Wht Hrn",2,"Monoblos Heart",1,58,2,-2,-1,-1,-1,"Male/ Female","Blade",8,10,"8!","O--","Artisan",2,"Expert",1,"Protection",-2,"Potential",2,,
"Monodevil Vest U","9900z","WhtMnoblosThrcic",3,"Wht Monoblos Cpc",2,"Majestic Wht Hrn",2,"Monoblos Heart",1,28,4,0,0,2,0,"Male/ Female","Gunner",8,10,"8!","O--","Expert",1,"Protection",-2,"Potential",2,"Loading",2,,
"Rathian Heart Mail U","13950z","PnkRathian Scl+",3,"Pnk Rathian Cpc",2,"Carbalite Ore",4,"Rathian Ruby",1,60,2,-2,-4,0,0,"Male/ Female","Blade",8,6,9,"O--","Antiseptic",1,"Sneak",-1,"Whim",3,"Recovery",2,,
"Rathian Heart Vest U","13950z","PnkRathian Scl+",3,"Pnk Rathian Cpc",2,"Carbalite Ore",4,"Rathian Ruby",1,28,4,0,-2,2,2,"Male/ Female","Gunner",8,6,9,"O--","Antiseptic",1,"Sneak",-1,"Whim",3,"Recovery",2,,
"Rathalos Soul Mail U","14500z","Azre Rathlos Cpc",3,"Azr Rathlos Scl+",3,"Inferno Sac",3,"Hrd Monster Bone",2,62,2,2,-4,-1,0,"Male/ Female","Blade",8,6,9,"O--","Health",-2,"Expert",2,"HearProtct",3,,,,
"Rathalos Soul Vest U","14500z","Azre Rathlos Cpc",3,"Azr Rathlos Scl+",3,"Inferno Sac",3,"Hrd Monster Bone",2,28,4,5,-2,2,1,"Male/ Female","Gunner",8,6,9,"O--","Health",-2,"Expert",2,"HearProtct",3,,,,
"Golden Moon Mail","15100z","Gld Rathian Scl+",3,"Gld Rathian Cpc",3,"FireWyvrn BrnStm",1,"Rathian Ruby",1,62,2,-2,1,0,0,"Male/ Female","Blade",8,6,9,"OO-","Health",1,"Whim",-1,"Fate",3,,,,
"Golden Moon Vest","15100z","Gld Rathian Scl+",3,"Gld Rathian Cpc",3,"FireWyvrn BrnStm",1,"Rathian Ruby",1,31,4,0,2,2,1,"Male/ Female","Gunner",8,6,9,"OO-","Health",1,"Whim",-1,"Fate",3,,,,
"Silver Sol Mail","16000z","Slvr Rathlos Cpc",3,"Slvr Ratlos Scl+",3,"Rathalos Ruby",1,"Rathalos Plate",1,64,2,-1,1,-1,0,"Male/ Female","Blade",8,6,9,"OO-","Fencing",2,"Attack",2,"Defence",-1,,,,
"Silver Sol Vest","16000z","Slvr Rathlos Cpc",3,"Slvr Ratlos Scl+",3,"Rathalos Ruby",1,"Rathalos Plate",1,32,4,1,2,2,1,"Male/ Female","Gunner",8,6,9,"OO-","PierceS Up",2,"Attack",2,"Defence",-1,,,,
"Auroros Torso Ten","32500z","Azure LaoS Shell",4,"Lunastra Tail",3,"Kirin Azure Horn",3,"Commendation",3,64,-2,0,-4,2,2,"Male","Blade",8,5,"5!8","O--","Faint",-2,"Rec Speed",3,"Fencing",2,,,,
"Genesis Torso Ten","32500z","Azure LaoS Shell",4,"Fire Dragon Pwdr",2,"Kirin Azure Horn",3,"Commendation",3,30,1,2,-2,3,3,"Male","Gunner",8,6,9,"O--","Faint",-2,"Rec Speed",3,"PierceS Up",2,,,,
"Borealis Chest Ten","32500z","Azure LaoS Shell",4,"Lunastra Tail",3,"Kirin Azure Horn",3,"Commendation",3,64,-2,0,-4,2,2,"Female","Blade",8,5,"5!8","O--","Faint",-2,"Rec Speed",3,"Fencing",2,,,,
"Glyph Chest Ten","32500z","Azure LaoS Shell",4,"Fire Dragon Pwdr",2,"Kirin Azure Horn",3,"Commendation",3,30,1,2,-2,3,3,"Female","Gunner",8,6,9,"O--","Faint",-2,"Rec Speed",3,"PierceS Up",2,,,,
"Fatalis Hide","33333z","Fatalis CrmsnHrn",2,"Fatalis CrmsnShl",3,"Fatalis CrmsnScl",2,"Rathalos Ruby",1,68,0,2,-5,2,2,"Male/ Female","Blade",8,"6!",10,"---","Artisan",2,"Defence",-2,"Protection",-3,"Stamina",2,,
"Fatalis Skin","33333z","Fatalis CrmsnHrn",2,"Fatalis CrmsnShl",3,"Fatalis CrmsnScl",2,"Rathalos Ruby",1,32,2,4,-2,4,3,"Male/ Female","Gunner",8,"6!",10,"---","Defence",-2,"Protection",-3,"Stamina",2,"Loading",2,,
"White Fatalis Hide","44444z","White Ftalis Hrn",2,"Wht Fatalis Cpc",3,"Wht Fatalis Scl",2,"Fire Drgn Jwl",1,71,0,2,-5,2,2,"Male/ Female","Blade",8,"6!",10,"---","Sharpness",-2,"Artisan",2,"Fencing",2,"Protection",-3,,
"White Fatalis Skin","44444z","White Ftalis Hrn",2,"Wht Fatalis Cpc",3,"Wht Fatalis Scl",2,"Fire Drgn Jwl",1,35,2,4,-2,4,3,"Male/ Female","Gunner",8,"6!",10,"---","Protection",-3,"Stamina",-2,"Loading",2,"Fast Chrge",2,,
"Kut-Ku Mail X","12800z","Kut-Ku Thck Scl",2,"Kut-Ku Hvy Cpc",3,"Kut-Ku Hrd Wbbng",1,"Etherlite Ore",3,78,2,0,-1,-2,-2,"Male/ Female","Blade",9,7,10,"OO-","Rec Speed",1,"Attack",2,"Defence",-2,"PsychicVis",2,,
"Kut-Ku Vest X","12800z","Kut-Ku Thck Scl",2,"Kut-Ku Hvy Cpc",3,"Kut-Ku Hrd Wbbng",1,"Etherlite Ore",3,38,5,3,0,1,-1,"Male/ Female","Gunner",9,7,10,"OO-","Rec Speed",1,"Attack",2,"Defence",-2,"PsychicVis",2,,
"Conga Mail X","13300z","Congalala Pelt G",3,"Conga Pelt+",4,"Stout Bone",6,"Emperor Locust",3,80,-3,2,0,2,-1,"Male/ Female","Blade",9,7,10,"O--","Spc Attack",3,"Hunger",-2,"Gluttony",2,"Attack",2,,
"Conga Vest X","13300z","Congalala Pelt G",3,"Conga Pelt+",4,"Stout Bone",6,"Emperor Locust",3,40,-1,4,1,4,0,"Male/ Female","Gunner",9,7,10,"O--","PierceS Up",3,"Hunger",-2,"Gluttony",2,"PowerCtAdd",2,,
"Gypceros Mail X","13300z","Rubbery Hide G",5,"Monster Broth",3,"Pure Crystal",1,"BirdWyvnStoutBne",6,80,-4,4,0,1,1,"Male/ Female","Blade",9,7,10,"O--","Poison",2,"Recovery",-3,"Carving",4,,,,
"Gypceros Vest X","13300z","Rubbery Hide G",5,"Monster Broth",3,"Pure Crystal",1,"BirdWyvnStoutBne",6,40,-1,6,0,4,3,"Male/ Female","Gunner",9,7,10,"O--","Recovery",-3,"Carving",4,"PoisnCtAdd",2,,,,
"Khezu Mail X","13800z","Khezu Hide-Gloss",3,"ChoiceKhezuSteak",1,"Monster Broth",6,"Lifepowder",3,82,-3,4,0,3,1,"Male/ Female","Blade",9,7,10,"O--","Paralysis",3,"Faint",-2,"Rec Speed",2,"Recovery",2,,
"Khezu Vest X","13800z","Khezu Hide-Gloss",3,"ChoiceKhezuSteak",1,"Monster Broth",6,"Lifepowder",3,40,-1,6,0,5,2,"Male/ Female","Gunner",9,7,10,"O--","Paralysis",3,"Faint",-2,"Rec Speed",2,"Recovery",2,,
"Hermitaur Mail X","13800z","Hermitaur HvyCpc",4,"Hermitaur Carpce",4,"Emperor Locust",3,"Stout Bone",4,82,-3,-4,1,3,0,"Male/ Female","Blade",9,7,10,"OO-","Guard Up",3,"Defence",2,"All Resist",-2,,,,
"Hermitaur Vest X","13800z","Hermitaur HvyCpc",4,"Hermitaur Carpce",4,"Emperor Locust",3,"Stout Bone",4,40,-1,-2,2,5,1,"Male/ Female","Gunner",9,7,10,"OO-","Guard Up",3,"Defence",2,"All Resist",-2,,,,
"Hypnoc Mail X","13800z","Hypnoc Feather+",3,"Hypnoc StrngClaw",4,"Rainbow Down",4,"Etherlite Ore",5,82,-2,0,1,2,1,"Male/ Female","Blade",9,7,10,"O--","Paralysis",-2,"Sleep",2,"Technique",5,,,,
"Hypnoc Vest X","13800z","Hypnoc Feather+",3,"Hypnoc StrngClaw",4,"Rainbow Down",4,"Etherlite Ore",5,40,0,2,2,4,3,"Male/ Female","Gunner",9,7,10,"O--","Paralysis",-2,"Sleep",2,"Technique",5,,,,
"Basarios Mail X","13800z","Basarios Hvy Cpc",5,"Firecell Stone",8,"Venom Sac",3,"Etherlite Ore",4,84,0,2,-2,2,1,"Male/ Female","Blade",9,8,10,"O--","Attack",-2,"Defence",3,"Protection",2,"Gunnery",2,,
"Basarios Vest X","13800z","Basarios Hvy Cpc",5,"Firecell Stone",8,"Venom Sac",3,"Etherlite Ore",4,42,2,4,0,4,2,"Male/ Female","Gunner",9,8,10,"O--","Attack",-2,"Defence",3,"Protection",2,"Gunnery",2,,
"Plesioth Mail X","14250z","Plesioth Fin G",3,"Plsioth Thck Scl",2,"Plesioth Fin+",2,"Etherlite Ore",4,84,-4,-4,0,4,2,"Male/ Female","Blade",9,7,10,"O--","Stamina",2,"Technique",-2,"Trapper",5,,,,
"Plesioth Vest X","14250z","Plesioth Fin G",3,"Plsioth Thck Scl",2,"Plesioth Fin+",2,"Etherlite Ore",4,42,-2,-2,1,6,3,"Male/ Female","Gunner",9,7,10,"O--","Stamina",2,"Technique",-2,"Trapper",5,,,,
"Monoblos Mail X","14750z","Melange Ore",3,"Majestic Red Hrn",1,"Monoblos Thrcic",4,"Monoblos Heart",2,88,2,-2,-1,-1,-1,"Male/ Female","Blade",9,"7!","8!","O--","Expert",1,"Protection",-2,"PsychicVis",2,"Potential",4,,
"Monoblos Vest X","14750z","Melange Ore",3,"Majestic Red Hrn",1,"Monoblos Thrcic",4,"Monoblos Heart",2,44,4,0,0,2,0,"Male/ Female","Gunner",9,"7!","8!","O--","Expert",1,"Protection",-2,"PsychicVis",2,"Potential",4,,
"Yian Garuga Mail X","14750z","Garuga Scale G",4,"Garuga Hvy Cpc",4,"Garuga StrngWng",3,"BirdWyvnStoutBne",6,88,2,2,0,0,0,"Male/ Female","Blade",9,8,10,"OO-","Rec Speed",-3,"Spc Attack",2,"HearProtct",2,,,,
"Yian Garuga Vest X","14750z","Garuga Scale G",4,"Garuga Hvy Cpc",4,"Garuga StrngWng",3,"BirdWyvnStoutBne",6,44,3,3,0,2,1,"Male/ Female","Gunner",9,8,10,"OO-","Rec Speed",-3,"Spc Attack",2,"HearProtct",2,,,,
"Blango Mail X","14750z","Blangonga Pelt G",3,"Kirin Mane",2,"Giaprey Hide+",4,"Colossal Bone",3,88,-4,0,1,2,3,"Male/ Female","Blade",9,8,10,"OO-","ElementAtk",2,"Heat Res",-3,"Quake Res",2,,,,
"Blango Vest X","14750z","Blangonga Pelt G",3,"Kirin Mane",2,"Giaprey Hide+",4,"Colossal Bone",3,44,-3,1,2,4,5,"Male/ Female","Gunner",9,8,10,"OO-","ElementAtk",2,"Heat Res",-3,"Shot Mix",2,,,,
"Ceanataur Mail X","15100z","CeanataurHvyCpc",3,"Ceanataur Claw+",4,"Etherlite Ore",4,"Rare Scarab",4,89,1,-1,0,2,-1,"Male/ Female","Blade",9,8,10,"OO-","Health",-4,"Fencing",2,"Drawn Crit",1,,,,
"Ceanataur Vest X","15100z","CeanataurHvyCpc",3,"Ceanataur Claw+",4,"Etherlite Ore",4,"Rare Scarab",4,44,2,0,2,4,0,"Male/ Female","Gunner",9,8,10,"OO-","Health",-3,"PierceSAdd",2,"Loading",2,,,,
"Rathian Mail X","15600z","Rathian Thck Scl",3,"RathianDvnePlate",1,"Rathian Spike+",2,"Pure Crystal",1,90,2,-2,-4,0,0,"Male/ Female","Blade",9,8,10,"OO-","Health",3,"SwdShrpner",-2,"Recovery",2,,,,
"Rathian Vest X","15600z","Rathian Thck Scl",3,"RathianDvnePlate",1,"Rathian Spike+",2,"Pure Crystal",1,44,4,0,-2,2,2,"Male/ Female","Gunner",9,8,10,"OO-","Health",3,"Recovery",2,"Precision",-2,,,,
"Naruga Mail X","15600z","Naruga Blk Pelt",3,"Naruga Thck Scl",2,"Naruga Hvy Fang",4,"Melange Ore",4,90,-4,-3,0,3,2,"Male/ Female","Blade",9,8,10,"OO-","Attack",-2,"Evade",4,"Evade Inc",1,,,,
"Naruga Vest X","15600z","Naruga Blk Pelt",3,"Naruga Thck Scl",2,"Naruga Hvy Fang",4,"Melange Ore",4,44,-2,-1,1,4,3,"Male/ Female","Gunner",9,8,10,"OO-","Attack",-2,"Evade",4,"Evade Inc",1,,,,
"Volganos Mail X","16100z","Volganos Hvy Cpc",5,"Volganos Fin+",3,"Blaze Sac",2,"Melange Ore",4,92,4,0,1,-3,0,"Male/ Female","Blade",9,8,10,"OOO","MixSucRate",-2,"Terrain",1,"Survival",2,,,,
"Volganos Vest X","16100z","Volganos Hvy Cpc",5,"Volganos Fin+",3,"Blaze Sac",2,"Melange Ore",4,46,5,2,2,-1,2,"Male/ Female","Gunner",9,8,10,"OOO","MixSucRate",-2,"Terrain",1,"Survival",2,,,,
"Tigrex Mail X","16100z","Tigrex Hvy Cpc",2,"Tigrex Hvy Fang",2,"Tigrex StrngClaw",3,"Hvy Monster Bone",2,92,3,-2,-1,2,3,"Male/ Female","Blade",9,9,10,"OO-","Protection",-2,"HearProtct",2,"Cooking",1,"Observance",2,,
"Tigrex Vest X","16100z","Tigrex Hvy Cpc",2,"Tigrex Hvy Fang",2,"Tigrex StrngClaw",3,"Hvy Monster Bone",2,46,4,-1,0,3,4,"Male/ Female","Gunner",9,9,10,"OO-","Protection",-2,"HearProtct",2,"Cooking",1,"Observance",2,,
"Rathalos Mail X","16100z","Rathalos ThckScl",3,"Rathalos Hvy Cpc",3,"Hvy Monster Bone",2,"Pure Crystal",1,92,2,2,-4,-1,-3,"Male/ Female","Blade",9,8,10,"OOO","Attack",1,"Drawn Crit",1,"Fast Chrge",-3,,,,
"Rathalos Vest X","16100z","Rathalos ThckScl",3,"Rathalos Hvy Cpc",3,"Hvy Monster Bone",2,"Pure Crystal",1,46,4,5,-2,0,-1,"Male/ Female","Gunner",9,8,10,"OOO","NormalS Up",1,"Attack",1,"Fast Chrge",-3,,,,
"Diablo Mail X","16100z","Diablos HvySpne",1,"Glorious Horn",2,"Diablos Carapace",4,"Hrd Monster Bone",6,92,3,1,0,-1,-2,"Male/ Female","Blade",9,9,10,"O--","Attack",2,"WindPress",5,"Map",-2,,,,
"Diablo Vest X","16100z","Diablos HvySpne",1,"Glorious Horn",2,"Diablos Carapace",4,"Hrd Monster Bone",6,46,5,4,0,2,-1,"Male/ Female","Gunner",9,9,10,"O--","Attack",2,"WindPress",5,"Map",-2,,,,
"Gravios Mail X","16100z","Gravios Hvy Cpc",5,"Gravios Carapace",6,"Hvy Monster Bone",4,"Coma Sac",4,92,2,2,-2,-2,0,"Male/ Female","Blade",9,9,10,"O--","Health",3,"Guard",1,"Guard Up",3,"Technique",-2,,
"Gravios Vest X","16100z","Gravios Hvy Cpc",5,"Gravios Carapace",6,"Hvy Monster Bone",4,"Coma Sac",4,46,4,3,0,1,1,"Male/ Female","Gunner",9,9,10,"O--","Health",3,"Guard Up",3,"Recoil",1,"Technique",-2,,
"Kut-Ku Mail Z","12800z","BlueKut-KuThkScl",2,"BlueKut-KuHvyCpc",3,"Bullfango Pelt+",1,"Etherlite Ore",3,80,2,0,-1,-2,-2,"Male/ Female","Blade",9,7,10,"OO-","Health",-2,"Expert",2,"WindPress",2,"Recovery",1,,
"Kut-Ku Vest Z","12800z","BlueKut-KuThkScl",2,"BlueKut-KuHvyCpc",3,"Bullfango Pelt+",1,"Etherlite Ore",3,40,5,3,0,1,-1,"Male/ Female","Gunner",9,7,10,"OO-","Health",-2,"Expert",2,"Load",2,"Recovery",1,,
"Conga Mail Z","13300z","GrnCongalalaPelt",3,"Conga Pelt+",4,"Colossal Bone",2,"Razor Claw",6,82,2,1,0,1,-3,"Male/ Female","Blade",9,7,10,"OO-","Sharpness",-2,"Expert",4,"Cooking",1,,,,
"Conga Vest Z","13300z","GrnCongalalaPelt",3,"Conga Pelt+",4,"Colossal Bone",2,"Razor Claw",6,42,4,3,0,3,-1,"Male/ Female","Gunner",9,7,10,"OO-","PelletS Up",4,"Cooking",1,"Fast Chrge",-2,,,,
"Gypceros Mail Z","13300z","Pur Gyp StrngWng",4,"Pure Crystal",1,"Antiseptic Stone",10,"Emperor Locust",2,82,-4,4,0,1,1,"Male/ Female","Blade",9,7,10,"OO-","Faint",3,"Hunger",-2,"Stamina",2,,,,
"Gypceros Vest Z","13300z","Pur Gyp StrngWng",4,"Pure Crystal",1,"Antiseptic Stone",10,"Emperor Locust",2,42,-1,6,0,4,3,"Male/ Female","Gunner",9,7,10,"OO-","Faint",3,"Hunger",-2,"Stamina",2,,,,
"Khezu Mail Z","13800z","Alluring Wing",3,"Pale Khezu Steak",1,"Hrd Monster Bone",4,"Thunderbug Jelly",3,84,3,4,0,-3,0,"Male/ Female","Blade",9,7,10,"OO-","Protection",-2,"HearProtct",2,"Wide Area",3,,,,
"Khezu Vest Z","13800z","Alluring Wing",3,"Pale Khezu Steak",1,"Hrd Monster Bone",4,"Thunderbug Jelly",3,42,5,6,0,-1,1,"Male/ Female","Gunner",9,7,10,"OO-","Protection",-2,"HearProtct",2,"Wide Area",3,,,,
"Hermitaur Mail Z","13800z","Pur HermitaurShl",3,"Black Pearl+",1,"Colossal Bone",1,"Hercudrome",6,84,0,-2,1,3,-4,"Male/ Female","Blade",9,7,10,"OO-","Guard",2,"Attack",1,"Stamina",-2,"Survival",2,,
"Hermitaur Vest Z","13800z","Pur HermitaurShl",3,"Black Pearl+",1,"Colossal Bone",1,"Hercudrome",6,42,1,-1,2,6,-2,"Male/ Female","Gunner",9,7,10,"OO-","Load",-2,"Recoil",2,"ClustS Add",1,"Survival",2,,
"Plesioth Mail Z","14250z","GrnPlsioth Fin G",3,"GrnPlsiothThkScl",2,"Grn Plsioth Fin+",2,"Emperor Locust",3,86,-4,-4,0,4,2,"Male/ Female","Blade",9,7,10,"OO-","Hunger",3,"Stamina",2,"Technique",-2,,,,
"Plesioth Vest Z","14250z","GrnPlsioth Fin G",3,"GrnPlsiothThkScl",2,"Grn Plsioth Fin+",2,"Emperor Locust",3,44,-2,-2,1,6,3,"Male/ Female","Gunner",9,7,10,"OO-","Hunger",3,"Stamina",2,"Technique",-2,,,,
"Blango Mail Z","14750z","Brwn BlngngaPelt",3,"Blngnga HrdWhskr",2,"Wht Monoblos Cpc",3,"Colossal Bone",3,90,3,2,1,0,-3,"Male/ Female","Blade",9,8,10,"OO-","Faint",1,"Sharpness",2,"Attack",2,"Cold Res",-2,,
"Blango Vest Z","14750z","Brwn BlngngaPelt",3,"Blngnga HrdWhskr",2,"Wht Monoblos Cpc",3,"Colossal Bone",3,46,5,4,2,1,-2,"Male/ Female","Gunner",9,8,10,"OO-","Faint",1,"NormalS Up",2,"Cold Res",-2,"Speed Fire",2,,
"Ceanataur Mail Z","15100z","RedCeanataurShl",3,"RedCeanataurClaw",1,"Hvy Monster Bone",3,"PhantomButterfly",2,91,2,-1,0,1,0,"Male/ Female","Blade",9,8,10,"OO-","Sharpness",1,"Artisan",2,"Defence",-4,,,,
"Ceanataur Vest Z","15100z","RedCeanataurShl",3,"RedCeanataurClaw",1,"Hvy Monster Bone",3,"PhantomButterfly",2,46,4,0,2,2,1,"Male/ Female","Gunner",9,8,10,"OO-","Load",2,"PierceS Up",2,"Defence",-3,,,,
"Diablo Mail Z","16100z","Blk Blos Hvy Spn",1,"RobustBlkBlosHrn",2,"Black Blos Cpc",4,"PhantomButterfly",4,94,3,1,0,-1,-2,"Male/ Female","Blade",9,9,10,"OO-","Sharpness",1,"Expert",2,"Protection",-2,"HearProtct",2,,
"Diablo Vest Z","16100z","Blk Blos Hvy Spn",1,"RobustBlkBlosHrn",2,"Black Blos Cpc",4,"PhantomButterfly",4,48,5,4,0,2,-1,"Male/ Female","Gunner",9,9,10,"OO-","Expert",2,"Load",1,"Protection",-2,"HearProtct",2,,
"Gravios Mail Z","16100z","BlkGraviosHvyShl",5,"Blk Gravios Cpc",6,"Hvy Monster Bone",4,"BlkGravDvnePlate",1,94,2,2,0,-2,1,"Male/ Female","Blade",9,9,10,"OOO","ElementAtk",1,"Defence",2,"Stamina",-2,,,,
"Gravios Vest Z","16100z","BlkGraviosHvyShl",5,"Blk Gravios Cpc",6,"Hvy Monster Bone",4,"BlkGravDvnePlate",1,48,4,3,0,1,2,"Male/ Female","Gunner",9,9,10,"OOO","ElementAtk",1,"Defence",2,"Stamina",-2,,,,
"Crystal Necklace","11000z","Pure Crystal",1,"HypncGizzardStn+",1,"Emperor Locust",3,,,30,0,0,0,0,0,"Male/ Female","Blade/ Gunner",10,7,10,"OOO",,,,,,,,,,
"Famitsu T-Shirt X","5600z","FamitsuSpcialTkt",5,"Commendation S",1,"Blackbelt Coin G",6,"Expert Coin G",3,40,4,4,4,4,4,"Male/ Female","Blade/ Gunner",10,9,10,"---","Sneak",-5,"Carving",6,,,,,,
"Hunter Soul T-Shirt X","5600z","Puppet Ticket+",5,"Hunter Soul Tckt",5,"Pokke Ticket",2,"Blackbelt Coin G",4,40,4,4,4,4,4,"Male/ Female","Blade/ Gunner",10,7,10,"---","Set Trap",10,,,,,,,,
"Hunter T-Shirt X","5600z","Puppet Ticket+",5,"Hunter's Ticket",5,"Pokke Ticket",2,"Expert Coin G",4,40,4,4,4,4,4,"Male/ Female","Blade/ Gunner",10,7,10,"---","Observance",10,,,,,,,,
"True Golden Haori","23700z","Rajang StrngClaw",2,"ShiningRajangPlt",2,"BlkRajangThkPelt",2,"GldRathianThkScl",2,81,3,2,3,2,-2,"Male/ Female","Blade",10,9,10,"OO-","Sneak",-2,"Artisan",1,"Dragon Res",2,"Fast Chrge",2,,
"TruePuppetMstrCostume","23700z","ShiningRajangPlt",1,"Rajang Hvy Fang",4,"Gold Rajang Pelt",3,"GldRathianThkScl",3,40,4,3,4,3,-1,"Male/ Female","Gunner",10,9,10,"OO-","Sneak",2,"NormalS Up",1,"Dragon Res",2,"Fast Chrge",2,,
"Black Belt Mail X","19800z","Azure LaoS Claw",1,"Blackbelt Coin G",10,"Fighter Coin G",12,"Commendation G",1,82,1,1,1,1,1,"Male/ Female","Blade",10,8,10,"OO-","Artisan",2,"All Resist",2,"Potential",-2,"FlyneGuide",1,,
"Black Belt Vest X","19800z","Azure LaoS Claw",1,"Blackbelt Coin G",10,"Fighter Coin G",12,"Commendation G",1,42,3,3,3,3,3,"Male/ Female","Gunner",10,8,10,"OO-","NormalS Up",2,"All Resist",2,"Potential",-2,"FlyneGuide",1,,
"Obituary Petto X","13800z","PhantomButterfly",2,"Great Hornfly",3,"Emperor Locust",8,"Venom Sac",4,84,3,3,2,-5,-4,"Male","Blade",10,7,10,"OO-","Cold Res",-2,"Gathering",2,"Evade",3,,,,
"Obituary Pectus X","13800z","PhantomButterfly",2,"Great Hornfly",3,"Emperor Locust",8,"Venom Sac",4,42,4,5,2,-4,-3,"Male","Gunner",10,7,10,"OO-","Cold Res",-2,"Gathering",2,"Evade",3,,,,
"Butterfly Petto X","13800z","PhantomButterfly",2,"Great Hornfly",3,"Emperor Locust",8,"Venom Sac",4,84,3,3,2,-5,-4,"Female","Blade",10,7,10,"OO-","Cold Res",-2,"Gathering",2,"Evade",3,,,,
"Butterfly Pectus X","13800z","PhantomButterfly",2,"Great Hornfly",3,"Emperor Locust",8,"Venom Sac",4,42,4,5,2,-4,-3,"Female","Gunner",10,7,10,"OO-","Cold Res",-2,"Gathering",2,"Evade",3,,,,
"True Mizuha Guards","21000z","Chameleos Hide G",2,"Chameleos Hide+",3,"Ancient DrgnBone",2,"Chameleos Jewel",1,92,-4,0,-1,3,4,"Male/ Female","Blade",10,9,10,"O--","Sneak",4,"HearProtct",1,"Terrain",-2,"Daora Res",2,,
"TrueExtrvagantCamise","21000z","Chameleos Hide G",2,"Chameleos Hide+",3,"Ancient DrgnBone",2,"Chameleos Jewel",1,46,-3,1,0,4,5,"Male/ Female","Gunner",10,9,10,"O--","Sneak",4,"HearProtct",1,"Terrain",-2,"Daora Res",2,,
"Kushala Cista X","24000z","Daora Hvy Carpce",2,"Daora Webbing G",2,"ElderDragonBlood",4,"Commendation S",1,94,0,-2,-3,2,4,"Male/ Female","Blade",10,9,10,"OO-","Poison",-3,"Sharpness",2,"FireDrgRes",2,,,,
"Kushala Vise X","24000z","Daora Hvy Carpce",2,"Daora Webbing G",2,"ElderDragonBlood",4,"Commendation S",1,48,2,-2,-2,3,5,"Male/ Female","Gunner",10,9,10,"OO-","Poison",-3,"Recoil",2,"FireDrgRes",2,,,,
"Kirin Jacket X","24000z","Kirin Hide G",1,"KirinThndrTail G",2,"ChoiceKhezuSteak",1,"Pure Crystal",3,96,0,4,-1,2,0,"Male/ Female","Blade",10,9,10,"O--","ElementAtk",2,"Protection",2,"All Resist",-3,"Stamina",2,,
"Kirin Cape X","24000z","Kirin Hide G",1,"KirinThndrTail G",2,"ChoiceKhezuSteak",1,"Pure Crystal",3,48,1,6,0,4,1,"Male/ Female","Gunner",10,9,10,"O--","ElementAtk",2,"Protection",2,"All Resist",-3,"Stamina",2,,
"Empress Mail X","27000z","Fire Drgn HvyScl",3,"Lunastra Horn G",1,"Lunastra Carpace",3,"Ancient DrgnBone",3,98,5,0,-2,-1,0,"Male/ Female","Blade",10,"9!","8!","O--","Wide Area",1,"Recovery",4,"Everlastng",-2,"ChmleosRes",2,,
"Empress Vest X","27000z","Fire Drgn HvyScl",3,"Lunastra Horn G",1,"Lunastra Carpace",3,"Ancient DrgnBone",3,49,6,2,-1,1,0,"Male/ Female","Gunner",10,"9!","8!","O--","Wide Area",1,"Recovery",4,"Everlastng",-2,"ChmleosRes",2,,
"True Indra Vest","31500z","Gaoren Hvy Cpc",2,"Gaoren Hvy Spn",1,"Daora Hvy Carpce",1,"PhantomButterfly",2,100,-2,2,-2,3,2,"Male/ Female","Blade",10,9,10,"O--","Guard",2,"Cooking",-2,"Quake Res",4,"Survival",1,,
"TrueSteadfastVest","31500z","Gaoren Hvy Cpc",2,"Gaoren Hvy Spn",1,"Daora Hvy Carpce",1,"PhantomButterfly",2,50,0,3,-1,5,3,"Male/ Female","Gunner",10,9,10,"O--","Recoil",2,"Cooking",-2,"Quake Res",4,"Survival",1,,
"Kaiser Mail X","31500z","Teostra Hvy Cpc",3,"Fire Dragon Pwdr",2,"ElderDragonBlood",3,"Fire Drgn Jwl",1,100,5,0,-2,-1,0,"Male/ Female","Blade",10,9,10,"O--","Expert",5,"Everlastng",-2,"ChmleosRes",2,,,,
"Kaiser Vest X","31500z","Teostra Hvy Cpc",3,"Fire Dragon Pwdr",2,"ElderDragonBlood",3,"Fire Drgn Jwl",1,50,6,2,-1,1,0,"Male/ Female","Gunner",10,9,10,"O--","Expert",5,"Everlastng",-2,"ChmleosRes",2,,,,
"TruGuardnSpritRaiment","31500z","Dragonmoss G",2,"Dragonwood G",2,"Yamatsukami Fin",2,"Commendation S",1,100,2,3,-2,2,-2,"Male/ Female","Blade",10,9,10,"OO-","Paralysis",1,"Fencing",2,"Hunger",-2,"Cooking",2,,
"True Carnage Raiment","31500z","Dragonmoss G",2,"Dragonwood G",2,"Yamatsukami Fin",2,"Commendation S",1,50,4,5,-1,3,-1,"Male/ Female","Gunner",10,9,10,"OO-","Hunger",-2,"Loading",2,"Cooking",2,"Para CtAdd",1,,
"Dragonhide X","44444z","Fatalis Hvy Horn",2,"Fatalis Hvy Shl",3,"Fatalis Hrd Wbng",3,"RathlosDvnePlate",1,100,0,2,-5,2,2,"Male/ Female","Blade",10,9,10,"O--","Sharpness",2,"Dragon Res",-3,"Evade Inc",2,"Status Res",2,,
"Dragonskin X","44444z","Fatalis Hvy Horn",2,"Fatalis Hvy Shl",3,"Fatalis Hrd Wbng",3,"RathlosDvnePlate",1,50,2,4,-2,4,3,"Male/ Female","Gunner",10,9,10,"O--","PierceS Up",2,"Dragon Res",-3,"Evade Inc",2,"Status Res",2,,
"Ucamulbas Aegis","31500z","Ucamulbas Jaw",3,"Ucamulbas Fin",2,"Ucamulbas Scale",3,"Ucamu Divine Jwl",1,100,-4,-2,0,3,5,"Male/ Female","Blade",10,9,10,"OO-","Artisan",2,"Fencing",2,"Protection",-3,,,,
"Ucamulbas Plate","31500z","Ucamulbas Jaw",3,"Ucamulbas Fin",2,"Ucamulbas Scale",3,"Ucamu Divine Jwl",1,50,-2,0,1,5,6,"Male/ Female","Gunner",10,9,10,"OO-","Load",2,"Protection",-3,"Loading",2,,,,
"MelahoaFlowerJacketZ","11700z","Emperor Locust",4,"Dosbiscus",5,"FlynMealPassPlus",2,"Monster Broth+",4,78,0,1,0,1,0,"Male/ Female","Blade",10,7,10,"OOO","HiSpdGathr",2,"Whim",-2,"Set Trap",1,,,,
"Melahoa Stalk Z","11700z","Emperor Locust",4,"Dosbiscus",5,"FlynMealPassPlus",2,"Monster Broth+",4,38,0,1,0,2,0,"Male/ Female","Gunner",10,7,10,"OOO","HiSpdGathr",2,"Whim",-2,"Set Trap",1,,,,
"Makluva Cover Z","13300z","Etherlite Ore",5,"Plesioth Fin G",4,"Springnight Carp",5,"Book of Combos 5",1,82,0,-2,0,2,0,"Male/ Female","Blade",10,7,10,"OO-","Protection",-2,"HearProtct",2,"MixSucRate",3,,,,
"Makluva Scale Z","13300z","Etherlite Ore",5,"Plesioth Fin G",4,"Springnight Carp",5,"Book of Combos 5",1,42,0,-1,0,3,0,"Male/ Female","Gunner",10,7,10,"OO-","Protection",-2,"HearProtct",2,"MixSucRate",3,,,,
"Rathian Heart Mail Z","21000z","PnkRathianThkScl",3,"PnkRathianHvyCpc",2,"Etherlite Ore",4,"RathianDvnePlate",1,92,2,-2,-4,0,0,"Male/ Female","Blade",10,8,10,"OO-","Protection",2,"Wide Area",3,"Potential",-2,,,,
"Rathian Heart Vest Z","21000z","PnkRathianThkScl",3,"PnkRathianHvyCpc",2,"Etherlite Ore",4,"RathianDvnePlate",1,46,4,0,-2,2,2,"Male/ Female","Gunner",10,8,10,"OO-","Protection",2,"Wide Area",3,"Potential",-2,,,,
"Rathalos Soul Mail Z","21500z","AzrRathlosHvyCpc",3,"AzrRathlosThkScl",3,"Blaze Sac",3,"Hvy Monster Bone",2,94,2,2,-4,-1,0,"Male/ Female","Blade",10,8,10,"OO-","Health",-2,"Expert",2,"HearProtct",1,"Technique",2,,
"Rathalos Soul Vest Z","21500z","AzrRathlosHvyCpc",3,"AzrRathlosThkScl",3,"Blaze Sac",3,"Hvy Monster Bone",2,48,4,5,-2,2,1,"Male/ Female","Gunner",10,8,10,"OO-","Health",-2,"Expert",2,"HearProtct",1,"Technique",2,,
"Golden Moon Mail Z","24000z","GldRathianThkScl",3,"GldRathianHvyCpc",3,"Rathian Plate",1,"RathianDvnePlate",1,96,2,-2,1,0,0,"Male/ Female","Blade",10,9,10,"OOO","Whim",-2,"Fate",2,"Trapper",1,,,,
"Golden Moon Vest Z","24000z","GldRathianThkScl",3,"GldRathianHvyCpc",3,"Rathian Plate",1,"RathianDvnePlate",1,48,4,0,2,2,1,"Male/ Female","Gunner",10,9,10,"OOO","Whim",-2,"Fate",2,"Trapper",1,,,,
"Silver Sol Mail Z","24500z","SlvrRthlosHvyCpc",3,"SlvrRthlosThkScl",3,"RathlosDvnePlate",1,"Rathalos Ruby",1,98,2,-1,1,-1,0,"Male/ Female","Blade",10,9,10,"OO-","Fencing",2,"Attack",3,"Defence",-2,,,,
"Silver Sol VestZ","24500z","SlvrRthlosHvyCpc",3,"SlvrRthlosThkScl",3,"RathlosDvnePlate",1,"Rathalos Ruby",1,50,4,1,2,2,1,"Male/ Female","Gunner",10,9,10,"OO-","PierceS Up",2,"Attack",3,"Defence",-2,,,,
"Auroros Torso Kyoku","35500z","Lao-Shan Hvy Cpc",5,"Azure LaoS Claw",1,"TigrexDvinePlate",1,"Commendation S",1,98,-2,0,-4,2,2,"Male","Blade",10,9,10,"OO-","Faint",-2,"Rec Speed",4,"Drawn Crit",1,,,,
"Genesis Torso Kyoku","35500z","Lao-Shan Hvy Cpc",5,"Azure LaoS Claw",1,"TigrexDvinePlate",1,"Commendation S",1,50,1,2,-2,3,3,"Male","Gunner",10,9,10,"OO-","Faint",-2,"Rec Speed",4,"PelletS Up",1,,,,
"Borealis Chest Kyoku","35500z","Lao-Shan Hvy Cpc",5,"Azure LaoS Claw",1,"TigrexDvinePlate",1,"Commendation S",1,98,-2,0,-4,2,2,"Female","Blade",10,9,10,"OO-","Faint",-2,"Rec Speed",4,"Drawn Crit",1,,,,
"Glyph Chest Kyoku","35500z","Lao-Shan Hvy Cpc",5,"Azure LaoS Claw",1,"TigrexDvinePlate",1,"Commendation S",1,50,1,2,-2,3,3,"Female","Gunner",10,9,10,"OO-","Faint",-2,"Rec Speed",4,"PelletS Up",1,,,,
"Fatalis Hide Z","55555z","FataHvyCrmsnHrn",2,"FataHvyCrmsnShl",3,"FataThkCrmsnScl",2,"TigrexDvinePlate",1,103,0,2,-5,2,2,"Male/ Female","Blade",10,9,10,"OO-","Rec Speed",-3,"Artisan",1,"Evade",1,"Rage",2,,
"Fatalis Skin Z","55555z","FataHvyCrmsnHrn",2,"FataHvyCrmsnShl",3,"FataThkCrmsnScl",2,"TigrexDvinePlate",1,53,2,4,-2,4,3,"Male/ Female","Gunner",10,9,10,"OO-","Rec Speed",-3,"Evade",1,"Loading",1,"Rage",2,,
"White Fatalis Hide Z","66666z","WhtFatalisHvyHrn",2,"WhtFatalisHvyCpc",3,"WhtFatalisThkScl",2,"Elder Dragon Jwl",1,104,0,2,-5,2,2,"Male/ Female","Blade",10,9,10,"OO-","Rec Speed",2,"Fate",-3,"SwdMastery",2,,,,
"White Fatalis Skin Z","66666z","WhtFatalisHvyHrn",2,"WhtFatalisHvyCpc",3,"WhtFatalisThkScl",2,"Elder Dragon Jwl",1,54,2,4,-2,4,3,"Male/ Female","Gunner",10,9,10,"OO-","Rec Speed",2,"Fate",-3,"Marksman",2,,,,
