"Name","Price","Material 1","Amount","Material 2","Amount","Material 3","Amount","Material 4","Amount","Defence","Fire Res","Thunder Res","Dragon Res","Water Res","Ice Res","Gender","Hunter Type","Rarity","HR","Elder*","Slots","Skill 1","Skill Point","Skill 2","Skill Point","Skill 3","Skill Point","Skill 4","Skill Point","Skill 5","Skill Point"
,,,,,,,,,,,,,,,,,,,,,,,,,,,,,,,
"Mafumofu Hood","50z","Anteka Pelt",1,,,,,,,1,0,0,0,0,3,"Male/ Female","Blade/ Gunner",1,"1","1","---","Protection",2,"Heat Res",-2,"Cold Res",4,"PsychicVis",3,,
"Leather Helm","150z","Disk Stone",1,,,,,,,2,2,0,0,0,0,"Male/ Female","Blade/ Gunner",1,"1","1","O--","Throw",2,"Backpackng",1,"Gathering",2,"Shot Mix",2,"Cooking",-2
"Chain Helm","300z","Iron Ore",2,"Sm Monster Bone",2,,,,,4,2,-2,0,2,1,"Male/ Female","Blade/ Gunner",1,"1","1","O--","Paralysis",-1,"Health",2,"Backpackng",2,"Map",2,"Whim",2
"Hunter's Helm","450z","Iron Ore",2,"Bullfango Pelt",1,"Kelbi Hide",2,,,8,0,-4,0,0,0,"Male/ Female","Blade/ Gunner",1,"1","1","O--","Faint",-1,"Health",3,"PsychicVis",3,"Carving",2,,
"Hunter's Cap","450z","Iron Ore",2,"Bullfango Pelt",1,"Kelbi Hide",2,,,6,2,-2,0,2,2,"Male/ Female","Blade/ Gunner",1,"1","1","O--","Faint",-1,"PsychicVis",3,"Precision",3,"Carving",2,,
"Protection Piercing","550z","Machalite Ore",1,"Kut-Ku Scale",2,"Velociprey Fang",4,"Iron Ore",5,12,0,0,0,0,0,"Male/ Female","Blade/ Gunner",2,"1","2","---","Auto-Guard",10,,,,,,,,
"Bone Helm","650z","Unknown Skull",1,"Blango Pelt",1,,,,,14,2,-2,-2,2,-2,"Male/ Female","Blade/ Gunner",2,"1","2","O--","Anti-Theft",2,"Map",-2,"PsychicVis",1,"Alchemy",3,"Horn",2
"Bone Cap","650z","Unknown Skull",1,"Blango Pelt",1,,,,,8,5,0,0,5,-1,"Male/ Female","Blade/ Gunner",2,"1","2","O--","Anti-Theft",2,"Map",-1,"PsychicVis",1,"Alchemy",3,"BBQ",2
"Giaprey Helm","750z","Giaprey Scale",2,"Iron Ore",4,"Anteka Antlers",1,,,16,0,1,-1,1,3,"Male/ Female","Blade/ Gunner",2,"1","1","O--","Snow Res",3,"Fire Res",-2,"Ice Res",2,"PsychicVis",2,,
"Giaprey Cap","750z","Giaprey Scale",2,"Iron Ore",4,"Anteka Antlers",1,,,8,1,3,0,3,4,"Male/ Female","Blade/ Gunner",2,"1","1","O--","Snow Res",3,"PelletSAdd",2,"Fire Res",-2,"PsychicVis",2,,
"Battle Helm","750z","Disk Stone",2,"Kelbi Hide",2,"Earth Crystal",2,"Whetstone",2,16,2,-2,0,-2,-1,"Male/ Female","Blade/ Gunner",2,"1","1","O--","SwdShrpner",2,"Guard",2,"Hunger",-1,"Attack",2,"PsychicVis",2
"Battle Cap","750z","Disk Stone",2,"Kelbi Hide",2,"Huskberry",10,"Sm Bone Husk",2,10,4,0,2,0,0,"Male/ Female","Blade/ Gunner",2,"1","1","O--","Load",2,"NormalS Up",2,"Hunger",-1,"Attack",2,"PsychicVis",2
"Velociprey Helm","1150z","Velociprey Scale",3,"Velociprey Hide",2,"Carpenterbug",2,,,20,1,1,1,1,0,"Male/ Female","Blade/ Gunner",2,"1","2","O--","Paralysis",-1,"Faint",3,"SwdShrpner",1,"PsychicVis",2,"MixSucRate",2
"Velociprey Cap","1150z","Velociprey Scale",3,"Velociprey Hide",2,"Carpenterbug",2,,,10,3,3,0,3,1,"Male/ Female","Blade/ Gunner",2,"1","2","O--","Paralysis",-1,"Faint",3,"PelletS Up",2,"PsychicVis",1,"Shot Mix",2
"Vespoid Helm","1150z","Vespoid Wing",3,"Iron Ore",4,"Carpenterbug",2,,,20,-6,2,2,-5,-4,"Male/ Female","Blade/ Gunner",3,"1","1","O--","Paralysis",3,"Poison",-2,"MixSucRate",2,"Everlastng",2,,
"Vespoid Cap","1150z","Vespoid Shell",4,"Iron Ore",4,"Carpenterbug",2,,,10,-5,5,2,-4,-3,"Male/ Female","Blade/ Gunner",3,"1","1","O--","Paralysis",3,"Poison",-2,"MixSucRate",2,"Everlastng",2,,
"Hi-Metal Helm","1150z","Lightcrystal",1,"Machalite Ore",2,"Earth Crystal",2,,,20,-2,3,0,-2,1,"Male/ Female","Blade/ Gunner",3,"1","3","O--","Health",3,"Whim",1,"Stamina",-2,"Gunnery",3,,
"Hi-Metal Cap","1150z","Lightcrystal",1,"Machalite Ore",2,"Earth Crystal",2,,,10,0,5,0,0,0,"Male/ Female","Blade/ Gunner",3,"1","3","O--","Health",3,"CragS Add",2,"Stamina",-2,"Gunnery",2,,
"Hornetaur Helm","1350z","Hornetaur Head",3,"Hornetaur Shell",3,"Vibrant Pelt",1,"Monster Fluid",1,22,-6,-5,2,-1,-5,"Male/ Female","Blade/ Gunner",3,"1","2","O--","Protection",-2,"HearProtct",5,"Dragon Res",2,,,,
"Hornetaur Cap","1350z","Hornetaur Head",3,"Hornetaur Shell",3,"Vibrant Pelt",1,"Monster Fluid",1,11,-5,-3,3,2,-4,"Male/ Female","Blade/ Gunner",3,"1","2","O--","Protection",-2,"HearProtct",3,"Dragon Res",2,,,,
"Genprey Helm","1350z","Gendrome Hide",1,"Genprey Scale",4,"Iron Ore",4,"Sm Monster Bone",2,22,2,3,-1,-2,-2,"Male/ Female","Blade/ Gunner",3,"1","2","O--","Paralysis",3,"Poison",-1,"Health",3,"SwdShrpner",2,,
"Genprey Cap","1350z","Gendrome Hide",1,"Genprey Scale",4,"Iron Ore",4,"Sm Monster Bone",2,11,4,5,0,0,0,"Male/ Female","Blade/ Gunner",3,"1","2","O--","Paralysis",3,"Rec Speed",-1,"PelletSAdd",4,"Spc Attack",1,,
"Ioprey Helm","1650z","Ioprey Scale",6,"Ioprey Hide",2,"Iron Ore",2,"Sm Bone Husk",5,24,3,-2,-1,2,1,"Male/ Female","Blade/ Gunner",3,"1","3","O--","Faint",-1,"Poison",3,"Rec Speed",-2,"Spc Attack",2,"Fatigue",1
"Ioprey Cap","1650z","Ioprey Scale",6,"Ioprey Hide",2,"Iron Ore",2,"Sm Bone Husk",5,12,4,0,0,3,2,"Male/ Female","Blade/ Gunner",3,"1","3","O--","Faint",-1,"Poison",3,"PelletS Up",4,"Fatigue",1,,
"Kut-Ku Helm","1650z","Kut-Ku Ear",2,"Kut-Ku Shell",2,"Kut-Ku Webbing",1,"Blango Pelt",2,24,2,0,-1,-2,-2,"Male/ Female","Blade/ Gunner",3,"1","2","O--","Health",2,"Attack",3,"Defence",-1,"Fire Res",2,"Water Res",-1
"Kut-Ku Cap","1650z","Kut-Ku Ear",2,"Kut-Ku Shell",2,"Kut-Ku Webbing",1,"Blango Pelt",2,12,5,3,0,1,-1,"Male/ Female","Blade/ Gunner",3,"1","2","O--","Health",2,"Attack",3,"Defence",-1,"Fire Res",2,"Water Res",-1
"Cephalos Helm","2350z","Cephalos Fin",1,"Cephalos Scale",2,"Machalite Ore",2,,,28,-3,-4,0,2,2,"Male/ Female","Blade/ Gunner",3,"1","2","O--","Hunger",3,"Heat Res",4,"Cold Res",-2,,,,
"Cephalos Cap","2350z","Cephalos Fin",1,"Cephalos Scale",2,"Machalite Ore",2,,,16,-1,-2,1,5,3,"Male/ Female","Blade/ Gunner",3,"1","2","OO-","Hunger",1,"Heat Res",4,"Cold Res",-2,,,,
"Conga Helm","2350z","Vibrant Pelt",1,"Congalala Pelt",2,"Sharp Claw",3,"Carpenterbug",2,28,-3,2,0,2,-1,"Male/ Female","Blade/ Gunner",3,"1","2","O--","Antiseptic",2,"BombStrUp",2,"Hunger",-2,"Gluttony",3,,
"Conga Cap","2350z","Vibrant Pelt",1,"Congalala Pelt",2,"Sharp Claw",3,"Carpenterbug",2,16,-1,4,1,4,0,"Male/ Female","Blade/ Gunner",3,"1","2","O--","Antiseptic",2,"BombStrUp",2,"Hunger",-2,"Gluttony",3,,
"Gypceros Helm","2850z","Rubbery Hide",2,"Antiseptic Stone",2,"Genprey Hide",5,"Earth Crystal",5,30,-4,4,0,1,1,"Male/ Female","Blade/ Gunner",3,"1","3","O--","Poison",3,"Hunger",-2,"ThunderRes",2,"Stamina",2,,
"Gypceros Cap","2850z","Rubbery Hide",2,"Antiseptic Stone",2,"Genprey Hide",5,"Earth Crystal",5,16,-1,6,0,4,3,"Male/ Female","Blade/ Gunner",3,"1","3","OO-","Poison",3,"Hunger",-1,"ThunderRes",2,"Stamina",1,,
"Khezu Helm","3350z","Pale Bone",1,"Flabby Hide",2,"Earth Crystal",4,"Monster Fluid",2,32,-3,4,0,3,1,"Male/ Female","Blade/ Gunner",3,"1","3","O--","Faint",-2,"Rec Speed",4,"Wide Area",2,"Horn",1,,
"Khezu Cap","3350z","Pale Bone",1,"Flabby Hide",2,"Earth Crystal",4,"Monster Fluid",2,16,-1,6,0,5,2,"Male/ Female","Blade/ Gunner",3,"1","3","OO-","Faint",-1,"Rec Speed",3,"Wide Area",2,"Precision",1,,
"Hermitaur Helm","3350z","Hermitaur Claw",1,"Hermitaur Shell",2,"Machalite Ore",2,"Sm Monster Bone",5,32,-3,-4,1,3,0,"Male/ Female","Blade/ Gunner",3,"1","3","O--","Guard",2,"Throw",3,"Defence",2,"ThunderRes",-2,,
"Hermitaur Cap","3350z","Hermitaur Claw",1,"Hermitaur Shell",2,"Machalite Ore",2,"Sm Monster Bone",5,16,-1,-2,2,5,1,"Male/ Female","Blade/ Gunner",3,"1","3","OO-","Guard Up",1,"Throw",2,"Defence",2,"ThunderRes",-2,,
"Plesioth Helm","4150z","Plesioth Scale",3,"Monster Fluid",1,"Cephalos Scale",3,"Bomb Arrowana",3,34,-4,-4,0,4,2,"Male/ Female","Blade/ Gunner",3,"1","3","O--","Paralysis",-2,"Heat Res",2,"Cold Res",2,"Stamina",3,,
"Plesioth Cap","4150z","Plesioth Scale",3,"Monster Fluid",1,"Cephalos Scale",3,"Bomb Arrowana",3,17,-2,-2,1,6,3,"Male/ Female","Blade/ Gunner",3,"1","3","O--","Paralysis",-2,"Heat Res",2,"Cold Res",2,"Stamina",3,,
"Lobster Helm","4150z","Sm Lobstershell",1,"Plesioth Fin",2,"Carpenterbug",3,"Iron Ore",5,34,-2,-6,-2,6,2,"Male/ Female","Blade/ Gunner",3,"1","3","OO-","Guard",-2,"Water Res",1,"Fishing",1,"Evade",3,,
"Lobster Cap","4150z","Sm Lobstershell",1,"Plesioth Fin",2,"Carpenterbug",3,"Iron Ore",5,17,0,-5,0,6,3,"Male/ Female","Blade/ Gunner",3,"1","3","O--","Water Res",2,"Fishing",2,"Evade",3,"Precision",-2,,
"Kut-Ku Helm D","1650z","Kut-Ku Ear",2,"Blue Kut-Ku Shl",2,"Kut-Ku Webbing",1,"Blango Pelt",2,22,2,0,-1,-2,-2,"Male/ Female","Blade/ Gunner",3,"1","3","OO-","Health",-1,"Rec Speed",-1,"Expert",2,"ElementAtk",1,"Attack",2
"Kut-Ku Cap D","1650z","Kut-Ku Ear",2,"Blue Kut-Ku Shl",2,"Kut-Ku Webbing",1,"Blango Pelt",2,10,5,3,0,1,-1,"Male/ Female","Blade/ Gunner",3,"1","3","OO-","Health",-1,"Rec Speed",-1,"Expert",2,"ElementAtk",1,"Attack",2
"Gypceros Helm D","2850z","Pur Rubbery Hide",2,"Antiseptic Stone",2,"Genprey Hide",5,"Earth Crystal",5,28,-4,4,0,1,1,"Male/ Female","Blade/ Gunner",3,"2","3","O--","Faint",3,"Wide Area",2,"WindPress",2,"Fate",-2,,
"Gypceros Cap D","2850z","Pur Rubbery Hide",2,"Antiseptic Stone",2,"Genprey Hide",5,"Earth Crystal",5,14,-1,6,0,4,3,"Male/ Female","Blade/ Gunner",3,"2","3","OO-","Faint",3,"Wide Area",2,"WindPress",1,"Fate",-1,,
"Khezu Helm D","3350z","Pale Bone",1,"Alluring Hide",2,"Earth Crystal",4,"Monster Fluid",2,30,3,4,0,-3,0,"Male/ Female","Blade/ Gunner",3,"2","4","O--","SwdShrpner",-2,"Wide Area",5,"Recovery",2,,,,
"Khezu Cap D","3350z","Pale Bone",1,"Alluring Hide",2,"Earth Crystal",4,"Monster Fluid",2,14,5,6,0,-1,1,"Male/ Female","Blade/ Gunner",3,"2","4","OO-","Wide Area",3,"Recovery",2,"MixSucRate",-2,,,,
"Plesioth Helm D","4150z","Grn Plesioth Scl",2,"Monster Fluid",1,"Cephalos Scale",3,"Grn Plesioth Fin",1,32,-4,-4,0,4,2,"Male/ Female","Blade/ Gunner",3,"2","3","O--","Poison",-2,"Hunger",3,"Fishing",2,"Everlastng",2,,
"Plesioth Cap D","4150z","Grn Plesioth Scl",2,"Monster Fluid",1,"Cephalos Scale",3,"Grn Plesioth Fin",1,15,-2,-2,1,6,3,"Male/ Female","Blade/ Gunner",3,"2","3","O--","Poison",-2,"Hunger",3,"Fishing",2,"Everlastng",2,,
"Basarios Helm","3350z","Basarios Shell",3,"Machalite Ore",5,"Kut-Ku Scale",2,"Knife Mackerel",10,32,0,2,-2,2,1,"Male/ Female","Blade/ Gunner",4,"2","4","O--","Sleep",2,"Faint",-2,"Defence",2,"Whim",2,"Terrain",2
"Basarios Cap","3350z","Basarios Shell",3,"Machalite Ore",5,"Kut-Ku Scale",2,"Knife Mackerel",10,16,2,4,0,4,2,"Male/ Female","Blade/ Gunner",4,"2","4","OO-","Sleep",2,"Faint",-1,"Defence",1,"Whim",1,"Terrain",2
"Monoblos Helm","4900z","Monoblos Shell",2,"Blood Red Horn",1,"Machalite Ore",5,"Ioprey Hide",5,36,2,-2,-1,-1,-1,"Male/ Female","Blade/ Gunner",4,"10","4!","O--","Health",3,"Attack",2,"Protection",-2,"Potential",2,,
"Monoblos Cap","4900z","Monoblos Shell",2,"Blood Red Horn",1,"Machalite Ore",5,"Ioprey Hide",5,18,4,0,0,2,0,"Male/ Female","Blade/ Gunner",4,"10","4!","OO-","Health",3,"Attack",1,"Protection",-1,"Potential",2,,
"Yian Garuga Helm","4900z","Garuga Ear",2,"Sharpened Beak",2,"Garuga Shell",3,"Garuga Mane",2,36,2,2,0,0,0,"Male/ Female","Blade/ Gunner",4,"10","4!","OO-","Sharpness",1,"Expert",3,"HearProtct",1,"Gathering",-2,,
"Yian Garuga Cap","4900z","Garuga Ear",2,"Sharpened Beak",2,"Garuga Shell",3,"Garuga Mane",2,18,3,3,0,2,1,"Male/ Female","Blade/ Gunner",4,"10","4!","OO-","Expert",3,"PierceSAdd",1,"HearProtct",1,"Gathering",-2,,
"Blango Helm","4900z","Blangonga Whiskr",1,"Blangonga Pelt",3,"Lg Monster Bone",1,"Velocidrome Hide",1,36,-4,0,1,2,3,"Male/ Female","Blade/ Gunner",4,"1","4","O--","Snow Res",2,"Cold Res",3,"Terrain",-2,"Quake Res",2,,
"Blango Cap","4900z","Blangonga Whiskr",1,"Blangonga Pelt",3,"Lg Monster Bone",1,"Velocidrome Hide",1,18,-3,1,2,4,5,"Male/ Female","Blade/ Gunner",4,"1","4","OO-","Snow Res",2,"Cold Res",1,"Terrain",-2,"Quake Res",2,,
"Ceanataur Helm","5200z","Ceanataur Claw",2,"Ceanataur Shell",2,"Sm Ceanataur Shl",3,"Killer Beetle",1,37,1,-1,0,2,-1,"Male/ Female","Blade/ Gunner",4,"1","4","O--","Sharpness",3,"Artisan",1,"SwdShrpner",2,"Defence",-3,,
"Ceanataur Cap","5200z","Ceanataur Claw",2,"Ceanataur Shell",2,"Sm Ceanataur Shl",3,"Killer Beetle",1,18,2,0,2,4,0,"Male/ Female","Blade/ Gunner",4,"1","4","OO-","PierceS Up",2,"PierceSAdd",1,"Defence",-2,"Precision",2,,
"Rathian Helm","5350z","Rathian Scale",3,"Rathian Shell",1,"Machalite Ore",2,"Gendrome Hide",2,38,2,-2,-4,0,0,"Male/ Female","Blade/ Gunner",4,"1","6","O--","Faint",-1,"Poison",2,"Health",3,"PsychicVis",3,,
"Rathian Cap","5350z","Rathian Scale",3,"Rathian Shell",1,"Machalite Ore",2,"Gendrome Hide",2,18,4,0,-2,2,2,"Male/ Female","Blade/ Gunner",4,"1","6","OO-","Faint",-1,"Poison",2,"Health",3,"PsychicVis",1,,
"Tigrex Helm","5800z","Tigrex Skull Shl",1,"Tigrex Scale",3,"Tigrex Shell",2,"Machalite Ore",3,40,3,-2,-1,2,3,"Male/ Female","Blade/ Gunner",4,"3","5","O--","Protection",-2,"HearProtct",2,"PsychicVis",3,"Cooking",2,,
"Tigrex Cap","5800z","Tigrex Skull Shl",1,"Tigrex Scale",3,"Tigrex Shell",2,"Machalite Ore",3,20,4,-1,0,3,4,"Male/ Female","Blade/ Gunner",4,"3","5","OO-","Protection",-1,"HearProtct",1,"PsychicVis",3,"Cooking",2,,
"Rathalos Helm","5800z","Rathalos Wing",1,"Rathalos Scale",2,"Dragonite Ore",3,,,40,2,2,-4,-1,-3,"Male/ Female","Blade/ Gunner",4,"1","6","O--","Paralysis",-2,"Rec Speed",1,"Attack",4,"PsychicVis",2,,
"Rathalos Cap","5800z","Rathalos Wing",1,"Rathalos Scale",2,"Dragonite Ore",3,,,20,4,5,-2,0,-1,"Male/ Female","Blade/ Gunner",4,"1","6","O--","Paralysis",-2,"Rec Speed",1,"Attack",4,"PsychicVis",2,,
"Diablo Helm","5800z","Twisted Horn",2,"Diablos Shell",3,"Monster Bone+",1,"Dragonite Ore",2,40,3,1,0,-1,-2,"Male/ Female","Blade/ Gunner",4,"3","5","O--","Health",-2,"Expert",4,"WindPress",2,"Fate",-1,,
"Diablo Cap","5800z","Twisted Horn",2,"Diablos Shell",3,"Monster Bone+",1,"Dragonite Ore",2,20,5,4,0,2,-1,"Male/ Female","Blade/ Gunner",4,"3","5","OO-","Health",-2,"Expert",2,"WindPress",2,"Fate",-1,,
"Gravios Helm","5800z","Gravios Shell",4,"Gravios Skl Shl",1,"Lg Monster Bone",3,"Ioprey Hide",4,40,2,2,-2,-2,0,"Male/ Female","Blade/ Gunner",4,"3","5","O--","Sleep",4,"Guard",2,"Defence",1,"Stamina",-2,,
"Gravios Cap","5800z","Gravios Shell",4,"Gravios Skl Shl",1,"Lg Monster Bone",3,"Ioprey Hide",4,20,4,3,0,1,1,"Male/ Female","Blade/ Gunner",4,"3","5","O--","Sleep",3,"ClustS Add",4,"Stamina",-2,,,,
"Diablo Helm D","5800z","TwstBlkBlosHorn",2,"Black Blos Shell",3,"Monster Bone+",1,"Dragonite Ore",2,38,3,1,0,-1,-1,"Male/ Female","Blade/ Gunner",4,"3","5","O--","Sharpness",2,"Defence",-1,"WindPress",3,"Fate",-3,,
"Diablo Cap D","5800z","TwstBlkBlosHorn",2,"Black Blos Shell",3,"Monster Bone+",1,"Dragonite Ore",2,18,5,4,0,2,-1,"Male/ Female","Blade/ Gunner",4,"3","5","OO-","Load",2,"Hunger",-1,"WindPress",3,"Fate",-1,,
"Gravios Helm D","5800z","Blk Gravios Shl",4,"Blk Gravios Skl",1,"Lg Monster Bone",3,"Killer Beetle",3,38,2,2,0,-2,1,"Male/ Female","Blade/ Gunner",4,"3","5","O--","Guard Up",2,"Hunger",-2,"Defence",5,,,,
"Gravios Cap D","5800z","Blk Gravios Shl",4,"Blk Gravios Skl",1,"Lg Monster Bone",3,"Killer Beetle",3,18,4,3,0,1,2,"Male/ Female","Blade/ Gunner",4,"3","5","OO-","Guard Up",2,"Hunger",-2,"Defence",3,,,,
"Chaos Shroom","1150z","Chaoshroom",5,"Parashroom",10,"FlynMealPassReg",2,"Godbug",3,2,2,2,2,2,2,"Male/ Female","Blade/ Gunner",5,"1","2","---","Spc Attack",10,"PsychicVis",1,,,,,,
"Mosswine Mask","100z","Mosswine Hide",2,"Bullfango Pelt",2,"Carpenterbug",2,,,3,0,0,0,0,0,"Male/ Female","Blade/ Gunner",5,"1","2","O--","Health",2,"Hunger",-3,"Gluttony",2,"Cooking",2,,
"Felyne Mask","1150z","Pawprint Stamp",1,"FlynMealPassReg",2,"Bullfango Head",1,"Unknown Skull",3,4,2,2,2,2,0,"Male/ Female","Blade/ Gunner",5,"1","2","---","BombStrUp",10,"Anti-Theft",1,,,,,,
"Bullfango Mask","300z","Bullfango Head",1,"Bulldrome Hide",2,"Giant Bone",2,,,6,0,2,1,0,2,"Male/ Female","Blade/ Gunner",5,"1","2","---","Health",10,"Stamina",1,,,,,,
"Giaprey Mask","700z","Giadrome Skull",1,"Giaprey Hide",2,"Carpenterbug",2,"Kut-Ku Coin",1,16,0,2,-2,2,3,"Male/ Female","Blade/ Gunner",5,"1","2","OO-","Fire Res",-2,"Ice Res",2,"Fate",3,,,,
"Velociprey Mask","900z","Velocidrome Head",1,"Velociprey Hide",2,"Sharp Claw",2,"Congalala Coin",1,18,1,1,1,1,1,"Male/ Female","Blade/ Gunner",5,"1","2","OO-","Water Res",2,"ThunderRes",-2,"Fate",3,,,,
"Red Piercing","1150z","Lightcrystal",2,"Flame Sac",1,"Ioprey Scale",10,"Killer Beetle",2,20,5,0,0,0,0,"Male/ Female","Blade/ Gunner",5,"1","3","OO-","Expert",3,"Fire Res",4,,,,,,
"Blue Piercing","1150z","Lightcrystal",2,"Plesioth Scale",3,"Machalite Ore",3,"Monster Fluid",3,20,0,0,0,5,0,"Male/ Female","Blade/ Gunner",5,"1","3","OO-","Water Res",4,"Everlastng",3,,,,,,
"Yellow Piercing","1150z","Lightcrystal",2,"Electro Sac",1,"Antiseptic Stone",8,"Power Juice",5,20,0,5,0,0,0,"Male/ Female","Blade/ Gunner",5,"1","3","OO-","ThunderRes",4,"Stamina",3,,,,,,
"Black Piercing","1150z","Lightcrystal",2,"Black Pearl",1,"Basarios Wing",1,"Hornetaur Wing",15,20,0,0,5,0,0,"Male/ Female","Blade/ Gunner",5,"1","3","OO-","Sharpness",2,"Load",2,"Dragon Res",3,,,,
"White Piercing","1150z","Pokke Ticket",1,"Ice Crystal",10,"Blango Pelt",5,"Lifecrystals",5,20,0,0,0,0,5,"Male/ Female","Blade/ Gunner",5,"3","4","OO-","Rec Speed",3,"Ice Res",4,,,,,,
"Felyne Piercing","1150z","Commendation G",8,"Felyne Fur Ruby",2,"Emperor Locust",10,"FlynMealPassPlus",10,20,0,0,0,0,0,"Male/ Female","Blade/ Gunner",5,"7","7","---","FlyneGuide",15,,,,,,,,
"Felyne Piercing","1150z","FlynFighterPass",8,,,,,,,20,0,0,0,0,0,"Male/ Female","Blade/ Gunner",5,"7","7","---","FlyneGuide",15,,,,,,,,
"Garuga Mask","1150z","Sharpened Beak",2,"Garuga Ear",2,"Garuga Mane",4,"Fire Stone",1,20,2,2,2,2,2,"Male/ Female","Blade/ Gunner",5,"8","4","O--","Protection",-3,"HearProtct",6,,,,,,
"Bistro Cap","1150z","FlynMealPassReg",1,"Gourmet Fish",10,"Flabby Hide",5,,,20,2,2,2,2,2,"Male/ Female","Blade/ Gunner",5,"1","3","---","Gluttony",4,"Cooking",5,"BBQ",2,,,,
"Genprey Mask","1150z","Gendrome Skull",1,"Genprey Hide",2,"Wyvern Fang",10,"Khezu Coin",1,20,1,2,1,1,1,"Male/ Female","Blade/ Gunner",5,"1","3","OO-","Ice Res",-2,"ThunderRes",2,"Fate",3,,,,
"Black Belt Helm","3300z","Yian Garuga Coin",12,"Blackbelt Ticket",8,"Killer Beetle",2,"Shogun Coin",8,20,2,2,2,2,2,"Male/ Female","Blade/ Gunner",5,"8","4","---","Torso Inc",,,,,,,,,
"Shinobi Mask (Sun)","9800z","Gaoren Spine",1,"Blackbelt Ticket",3,"Pokke Ticket",1,"Rathalos Scale",5,20,2,4,2,-6,-3,"Male/ Female","Blade/ Gunner",5,"3","6","O--","Throw",2,"ElementAtk",2,"Cold Res",-2,"Evade",3,,
"Shinobi Mask (Moon)","9800z","Gaoren Spine",1,"Blackbelt Ticket",3,"Pokke Ticket",1,"Rathalos Scale",5,20,2,4,2,-6,-3,"Male/ Female","Blade/ Gunner",5,"3","6","O--","Sneak",2,"Hunger",3,"Heat Res",-2,"PsychicVis",2,,
"Guild Knight Feather","9800z","Commendation",1,"Dosbiscus",4,"FlynMealPassReg",1,"Tigrex Coin",3,20,0,0,0,0,0,"Male","Blade/ Gunner",5,"3","5","O--","Whim",3,"Fate",2,"PsychicVis",2,"BBQ",-2,,
"Guild Knight Mask","9800z","Commendation",1,"Dosbiscus",4,"FlynMealPassReg",1,"Diablos Coin",3,20,0,0,0,0,0,"Male","Blade/ Gunner",5,"3","5","O--","PelletS Up",2,"Fate",-2,"Precision",2,"Carving",3,,
"Guardian Helm","9800z","Lightcrystal",2,"Dosbiscus",4,"Blackbelt Ticket",2,"Congalala Coin",3,20,0,0,0,0,0,"Male","Blade/ Gunner",5,"1","3","OO-","Protection",2,"Gathering",-1,"Fate",1,"Gunnery",3,,
"Guardian Mask","9800z","Lightcrystal",2,"Dosbiscus",4,"Blackbelt Ticket",2,"Kut-Ku Coin",3,20,0,0,0,0,0,"Male","Blade/ Gunner",5,"1","3","O--","Protection",2,"Wide Area",3,"Gathering",-2,"Fate",2,,
"Maiden's Hat","9800z","Commendation",1,"Dosbiscus",4,"FlynMealPassReg",1,"Tigrex Coin",3,20,0,0,0,0,0,"Female","Blade/ Gunner",5,"3","5","O--","Whim",3,"Fate",2,"PsychicVis",2,"BBQ",-2,,
"Designer Glasses","9800z","Commendation",1,"Dosbiscus",4,"FlynMealPassReg",1,"Diablos Coin",3,20,0,0,0,0,0,"Female","Blade/ Gunner",5,"3","5","O--","PelletS Up",2,"Fate",-2,"Precision",2,"Carving",3,,
"Helper Hood","9800z","Lightcrystal",2,"Dosbiscus",4,"Blackbelt Ticket",2,"Congalala Coin",3,20,0,0,0,0,0,"Female","Blade/ Gunner",5,"1","3","OO-","Protection",2,"Gathering",-1,"Fate",1,"Gunnery",3,,
"Healer Glasses","9800z","Lightcrystal",2,"Dosbiscus",4,"Blackbelt Ticket",2,"Kut-Ku Coin",3,20,0,0,0,0,0,"Female","Blade/ Gunner",5,"1","3","O--","Protection",2,"Wide Area",3,"Gathering",-2,"Fate",2,,
"Ioprey Mask","1350z","Iodrome Skull",1,"Ioprey Hide",2,"Wyvern Fang",10,"Daimyo Coin",1,22,2,1,1,1,1,"Male/ Female","Blade/ Gunner",5,"1","3","OO-","Fire Res",2,"Water Res",-2,"Fate",3,,,,
"Remobra Face","1650z","Remobra Skull",1,"FireWyvern Fluid",3,"Monster Fluid",2,"Lifecrystals",2,24,0,-1,-1,-1,-1,"Male/ Female","Blade/ Gunner",5,"1","4","---","Poison",4,"Artisan",1,"PierceS Up",1,"All Resist",-2,"Stamina",3
"Melahoa Flower Hat","1150z","Dosbiscus",1,"Killer Beetle",1,"Sunset Herb",10,"Cactus Flower",5,20,0,1,0,1,0,"Male/ Female","Blade/ Gunner",5,"1","2","O--","Hunger",-1,"Gathering",3,"HiSpdGathr",2,"Recovery",2,"Stamina",1
"Melahoa Bloom","1150z","Dosbiscus",1,"Killer Beetle",1,"Sunset Herb",10,"Cactus Flower",5,10,0,1,0,2,0,"Male/ Female","Blade/ Gunner",5,"1","2","O--","Hunger",-1,"Gathering",3,"HiSpdGathr",2,"Recovery",2,"Stamina",1
"Makluva Hood","2350z","Cephalos Fin",2,"Springnight Carp",2,"Pin Tuna",30,"Book of Combos 1",1,28,0,-2,0,2,0,"Male/ Female","Blade/ Gunner",5,"1","2","O--","Spc Attack",2,"Fishing",2,"MixSucRate",3,"Alchemy",2,,
"Makluva Gills","2350z","Cephalos Fin",2,"Springnight Carp",2,"Pin Tuna",30,"Book of Combos 1",1,16,0,-1,0,3,0,"Male/ Female","Blade/ Gunner",5,"1","2","O--","Spc Attack",2,"Fishing",2,"MixSucRate",3,"Alchemy",2,,
"Hypnoc Helm","3350z","Hypnoc Ticket",1,"Hypnoc Feather+",3,"HypncFangedBeak",1,"Sleepyfish",5,32,-2,0,1,2,1,"Male/ Female","Blade/ Gunner",5,"7!","10","---","Sleep",2,"Sneak",-2,"Trapper",2,"Observance",5,,
"Hypnoc Cap","3350z","Hypnoc Ticket",1,"Hypnoc Feather+",3,"Hypnoc StrngClaw",2,"Sleep Herb",10,16,0,2,2,4,3,"Male/ Female","Blade/ Gunner",5,"7!","10","---","Sneak",-2,"SleepCtAdd",2,"Trapper",2,"Observance",5,,
"Obituary Testa","3350z","Great Hornfly",1,"Hercudrome",2,"Thunderbug",3,"Flame Sac",2,32,3,3,2,-5,-4,"Male","Blade/ Gunner",5,"1","4","O--","Spc Attack",2,"Backpackng",2,"Cold Res",-2,"Evade",3,,
"Obituary Caput","3350z","Great Hornfly",1,"Hercudrome",2,"Thunderbug",3,"Flame Sac",2,16,4,5,2,-4,-3,"Male","Blade/ Gunner",5,"1","4","OO-","Spc Attack",2,"Backpackng",2,"Cold Res",-1,"Evade",2,,
"Butterfly Testa","3350z","Great Hornfly",1,"Hercudrome",2,"Thunderbug",3,"Flame Sac",2,32,3,3,2,-5,-4,"Female","Blade/ Gunner",5,"1","4","O--","Spc Attack",2,"Backpackng",2,"Cold Res",-2,"Evade",3,,
"Butterfly Caput","3350z","Great Hornfly",1,"Hercudrome",2,"Thunderbug",3,"Flame Sac",2,16,4,5,2,-4,-3,"Female","Blade/ Gunner",5,"1","4","OO-","Spc Attack",2,"Backpackng",2,"Cold Res",-1,"Evade",2,,
"Black Head","11111z","Dark Stone",1,"Dark Piece",2,"Ancient Potion",1,"Lightcrystal",1,36,0,2,-5,2,2,"Male/ Female","Blade/ Gunner",5,"10","5!","OO-",,,,,,,,,,
"Black Face","11111z","Dark Stone",1,"Dark Piece",2,"Ancient Potion",1,"Lightcrystal",1,18,2,4,-2,4,3,"Male/ Female","Blade/ Gunner",5,"10","5!","OO-",,,,,,,,,,
"Death Stench Brain","5800z","Sinister Cloth",2,"Striped Skin",2,"Blos Fang",3,"Elder Drgn Bone",1,40,2,1,0,1,-1,"Male/ Female","Blade/ Gunner",5,"3","4","OO-","Sneak",2,"Health",-3,"Fencing",2,,,,
"Death Stench Soul","5800z","Sinister Cloth",2,"Striped Skin",2,"Blos Fang",3,"Elder Drgn Bone",1,20,3,2,1,2,0,"Male/ Female","Blade/ Gunner",5,"3","4","OO-","Health",-3,"CragS Add",2,"Speed Fire",2,,,,
"Volganos Helm","5800z","Lava Ticket",1,"Volganos Thk Scl",3,"Volganos Fin+",1,"Monster Fluid",3,40,4,0,1,-3,0,"Male/ Female","Blade/ Gunner",5,"7!","10","O--","Faint",-2,"Rec Speed",2,"Guard",2,"Terrain",3,,
"Volganos Cap","5800z","Lava Ticket",1,"Volganos Thk Scl",3,"Volganos Fin+",1,"Monster Fluid",3,20,5,2,2,-1,2,"Male/ Female","Blade/ Gunner",5,"7!","10","O--","Faint",-2,"Rec Speed",2,"Recoil",2,"Terrain",3,,
"Mizuha Cap","9000z","Chameleos Hide",3,"ChameleosWebbing",1,"Rathian Plate",1,,,40,-4,0,-1,3,4,"Male/ Female","Blade/ Gunner",5,"3","5","O--","HearProtct",2,"WindPress",4,"Terrain",-3,,,,
"Extravagant Cap","9000z","Chameleos Hide",3,"ChameleosWebbing",1,"Rathian Plate",1,,,20,-3,1,0,4,5,"Male/ Female","Blade/ Gunner",5,"3","5","O--","HearProtct",2,"WindPress",4,"Terrain",-3,,,,
"Kushala Glare","9300z","Daora Horn",1,"Daora Shell",2,"Dragonite Ore",4,,,42,0,-2,-3,2,4,"Male/ Female","Blade/ Gunner",5,"3","4","O--","Poison",-2,"Fire Res",2,"Terrain",2,"Fast Chrge",3,,
"Kushala Snarl","9300z","Daora Horn",1,"Daora Shell",2,"Dragonite Ore",4,,,21,2,-2,-2,3,5,"Male/ Female","Blade/ Gunner",5,"3","4","O--","Poison",-2,"Fire Res",2,"Terrain",2,"Fast Chrge",3,,
"Kirin Horn","9800z","Kirin Hide",1,"Kirin Horn",1,"Kirin Mane",3,"Rubbery Hide",2,44,0,4,-1,2,0,"Male/ Female","Blade/ Gunner",5,"3","5","O--","ElementAtk",2,"All Resist",3,"PsychicVis",2,"Everlastng",-2,,
"Kirin Crest","9800z","Kirin Hide",1,"Kirin Horn",1,"Kirin Mane",3,"Rubbery Hide",2,22,1,6,0,4,1,"Male/ Female","Blade/ Gunner",5,"3","5","O--","ElementAtk",2,"All Resist",3,"PsychicVis",2,"Everlastng",-2,,
"Guardian Spirit Mask","9800z","Dragonmoss",3,"Dragonwood",1,"Rathalos Plate",1,"Pokke Ticket",1,44,2,0,-2,2,-2,"Male/ Female","Blade/ Gunner",5,"3","6","OO-","Fencing",2,"Protection",1,"All Resist",2,"Potential",-2,,
"Carnage Mask","9800z","Dragonmoss",3,"Dragonwood",1,"Rathalos Plate",1,"Pokke Ticket",1,22,3,2,-1,4,-1,"Male/ Female","Blade/ Gunner",5,"3","6","OO-","Protection",1,"All Resist",2,"Potential",-2,"Loading",2,,
"Auroros Helm","9800z","Lao-Shan's Scale",5,"Lao-Shan's Horn",1,"Majestic Horn",1,"Commendation",1,44,-2,0,-4,2,2,"Male","Blade/ Gunner",5,"3","6","O--","Rec Speed",2,"Guard",3,"PsychicVis",3,"Stamina",-1,,
"Genesis Headpiece","9800z","Lao-Shan's Scale",5,"Lao-Shan's Horn",1,"Majestic Horn",1,"Commendation",1,22,1,2,-2,3,3,"Male","Blade/ Gunner",5,"3","6","OO-","Rec Speed",2,"Load",3,"NormalSAdd",1,"Hunger",-1,,
"Borealis Crown","9800z","Lao-Shan's Scale",5,"Lao-Shan's Horn",1,"Majestic Horn",1,"Commendation",1,44,-2,0,-4,2,2,"Female","Blade/ Gunner",5,"3","6","O--","Rec Speed",2,"Guard",3,"PsychicVis",3,"Stamina",-1,,
"Glyph Crown","9800z","Lao-Shan's Scale",5,"Lao-Shan's Horn",1,"Majestic Horn",1,"Commendation",1,22,1,2,-2,3,3,"Female","Blade/ Gunner",5,"3","6","OO-","Rec Speed",2,"Load",3,"NormalSAdd",1,"Hunger",-1,,
"Empress Crown","11625z","Lunastra Mane",2,"Fire Drgn Wbng",2,"ElderDragonBlood",2,"Fire Stone",3,46,5,0,-2,-1,0,"Male/ Female","Blade/ Gunner",5,"10","5!","OO-","Expert",2,"Guard",1,"Anti-Theft",2,"Cold Res",-2,,
"Empress Mask","11625z","Lunastra Mane",2,"Fire Drgn Wbng",2,"ElderDragonBlood",1,"Fire Stone",3,23,6,2,-1,1,0,"Male/ Female","Blade/ Gunner",5,"10","5!","O--","Expert",1,"Guard Up",5,"Anti-Theft",1,"Cold Res",-2,,
"Indra Helm","13500z","Gaoren Shell",2,"Gaoren Spine",1,"Rathalos Plate",1,,,48,-2,2,-2,3,2,"Male/ Female","Blade/ Gunner",5,"3","6","O--","Guard",3,"Fate",2,"Cooking",-2,"Quake Res",2,,
"Steadfast Helm","13500z","Gaoren Shell",2,"Gaoren Spine",1,"Rathalos Plate",1,,,24,0,3,-1,5,3,"Male/ Female","Blade/ Gunner",5,"3","6","O--","Load",-1,"Recoil",2,"Fate",2,"Cooking",-2,"Quake Res",2
"Kaiser Crown","13500z","Teostra Horn",2,"Fire Dragon Scl",3,"Rathalos Plate",1,,,48,5,0,-2,-1,0,"Male/ Female","Blade/ Gunner",5,"3","6","O--","Expert",3,"Cold Res",-3,"Fatigue",3,,,,
"Kaiser Mask","13500z","Teostra Horn",2,"Fire Dragon Scl",3,"Rathalos Plate",1,,,24,6,2,-1,1,0,"Male/ Female","Blade/ Gunner",5,"3","6","O--","Expert",3,"Cold Res",-3,"Fatigue",3,,,,
"Red Lobster Helm","4150z","King Lobster Shl",1,"Sm Lobstershell",1,"Famitsu Ticket",1,,,32,3,-2,0,0,1,"Male/ Female","Blade/ Gunner",5,"6","5","OO-","Sneak",-2,"Fishing",2,"Evade",1,"BBQ",2,,
"Red Lobster Cap","4150z","King Lobster Shl",1,"Sm Lobstershell",1,"Famitsu Ticket",1,,,15,3,0,1,0,1,"Male/ Female","Blade/ Gunner",5,"6","5","OO-","Sneak",-2,"Fishing",2,"Evade",1,"BBQ",2,,
"Monodevil Helm","5900z","Wht Monoblos Hrn",1,"Wht Monoblos Spn",2,"Wht Monoblos Shl",4,"Fire Stone",1,34,2,-2,-1,-1,-1,"Male/ Female","Blade/ Gunner",5,"10","4!","O--","Artisan",1,"Expert",2,"Protection",-2,"Potential",4,,
"Monodevil Cap","5900z","Wht Monoblos Hrn",1,"Wht Monoblos Spn",2,"Wht Monoblos Shl",4,"Fire Stone",1,16,4,0,0,2,0,"Male/ Female","Blade/ Gunner",5,"10","4!","O--","Expert",2,"Protection",-2,"Potential",4,"Loading",1,,
"Rathian Heart Helm","6400z","Pnk Rathian Shl",2,"Pnk Rathian Scl",3,"Rathian Spike",1,"Machalite Ore",2,36,2,-2,-4,0,0,"Male/ Female","Blade/ Gunner",5,"3","6","O--","Antiseptic",2,"Sneak",-2,"Whim",3,"Recovery",2,,
"Rathian Heart Cap","6400z","Pnk Rathian Shl",2,"Pnk Rathian Scl",3,"Rathian Spike",1,"Machalite Ore",2,16,4,0,-2,2,2,"Male/ Female","Blade/ Gunner",5,"3","6","OO-","Antiseptic",1,"Sneak",-1,"Whim",3,"Recovery",2,,
"Rathalos Soul Helm","6900z","Azur Rathlos Wng",1,"Azr Rathlos Scl",3,"Azre Rathlos Shl",2,"Dragonite Ore",2,38,2,2,-4,-1,0,"Male/ Female","Blade/ Gunner",5,"3","6","O--","Expert",1,"Attack",3,"Protection",-2,"HearProtct",3,,
"Rathalos Soul Cap","6900z","Azur Rathlos Wng",1,"Azr Rathlos Scl",3,"Azre Rathlos Shl",2,"Dragonite Ore",2,18,4,5,-2,2,1,"Male/ Female","Blade/ Gunner",5,"3","6","OO-","Expert",1,"Attack",3,"Protection",-1,"HearProtct",2,,
"Mafumofu Hood S","1150z","High Quality Pelt",2,"Blango Pelt+",2,"Rainbow Insect",1,"Bulldrome Hide+",1,20,0,0,0,0,3,"Male/ Female","Blade/ Gunner",6,"4","7","OO-","Protection",2,"Heat Res",-2,"Cold Res",3,,,,
"Leather Helm S","1350z","Carbalite Ore",1,"Machalite Ore",6,"Dragonite Ore",2,"High Quality Pelt",1,22,2,0,0,0,0,"Male/ Female","Blade/ Gunner",6,"4","7","---","Shot Mix",10,"Cooking",-1,,,,,,
"Chain Helm S","1650z","Carbalite Ore",4,"Machalite Ore",15,,,,,24,2,-2,0,2,1,"Male/ Female","Blade/ Gunner",6,"4","7","OO-","Paralysis",-1,"Health",2,"Map",2,"Whim",2,,
"Hunter's Helm S","5350z","Carbalite Ore",2,"Machalite Ore",10,"Monster Bone+",3,"High Quality Pelt",2,38,0,-4,0,0,0,"Male/ Female","Blade/ Gunner",6,"4","7","O--","Faint",-2,"Rec Speed",2,"Attack",2,"PsychicVis",3,,
"Hunter's Cap S","5350z","Carbalite Ore",2,"Machalite Ore",10,"Monster Bone+",3,"High Quality Pelt",2,26,2,-2,0,2,2,"Male/ Female","Blade/ Gunner",6,"4","7","OO-","Faint",-2,"Rec Speed",2,"Attack",2,"PsychicVis",1,,
"Bone Helm S","7200z","King Scarab",2,"Master's Skull",1,"Blango Pelt+",3,"Stout Bone",1,44,2,-2,-2,2,-2,"Male/ Female","Blade/ Gunner",6,"4","7","OO-","Anti-Theft",2,"Map",-2,"Cooking",2,"Horn",1,,
"Bone Cap S","7200z","King Scarab",2,"Master's Skull",1,"Blango Pelt+",3,"Stout Bone",1,26,5,0,0,5,-1,"Male/ Female","Blade/ Gunner",6,"4","7","OO-","Anti-Theft",2,"Map",-2,"Fishing",1,"Cooking",2,,
"Battle Helm S","7500z","Bulldrome Hide+",2,"Rathian Scale",3,"King Scarab",4,"Dragonite Ore",3,46,2,-2,0,-2,-1,"Male/ Female","Blade/ Gunner",6,"4","7","OO-","SwdShrpner",2,"Guard",2,"Attack",1,"Stamina",-2,,
"Battle Cap S","7500z","Bulldrome Hide+",2,"Rathian Scale",3,"King Scarab",4,"Dragonite Ore",3,26,4,0,2,0,0,"Male/ Female","Blade/ Gunner",6,"4","7","OO-","Load",2,"ClustS Add",2,"Hunger",-2,"Attack",1,,
"Velociprey Helm S","7800z","Velociprey Scl+",2,"Velociprey Hide+",3,"Carbalite Ore",3,,,50,1,1,-1,1,0,"Male/ Female","Blade/ Gunner",6,"4","7","OO-","Paralysis",-2,"Faint",3,"SwdShrpner",2,,,,
"Velociprey Cap S","7800z","Velociprey Scl+",2,"Velociprey Hide+",3,"Carbalite Ore",3,,,26,3,3,0,3,1,"Male/ Female","Blade/ Gunner",6,"4","7","OO-","Paralysis",-2,"Faint",3,"PelletS Up",2,,,,
"Vespoid Helm S","7800z","Vespoid InnrWng",1,"Vespoid Carapace",4,"Vespoid Wing",2,"Monster Broth",1,50,-6,2,2,-5,-4,"Male/ Female","Blade/ Gunner",6,"4","7","O--","Paralysis",5,"Poison",-2,"Everlastng",2,,,,
"Vespoid Cap S","7800z","Vespoid InnrWng",1,"Vespoid Carapace",4,"Vespoid Shell",5,"Monster Broth",1,26,-5,5,2,-4,-3,"Male/ Female","Blade/ Gunner",6,"4","7","OO-","Paralysis",3,"Poison",-2,"Everlastng",2,,,,
"Hi-Metal Helm S","7800z","Nova Crystal",1,"Carbalite Ore",3,"King Scarab",2,"DaoraDragonScale",2,50,-2,3,0,-2,-1,"Male/ Female","Blade/ Gunner",6,"4","7","O--","Defence",2,"All Resist",-2,"Gunnery",5,,,,
"Hi-Metal Cap S","7800z","Nova Crystal",1,"Carbalite Ore",3,"King Scarab",2,"DaoraDragonScale",2,26,0,5,0,0,0,"Male/ Female","Blade/ Gunner",6,"4","7","OO-","Defence",2,"All Resist",-2,"Gunnery",3,,,,
"Hornetaur Helm S","8800z","HornetaurInnrWng",1,"Hornetaur Carpce",4,"Hornetaur Shell",4,"Monster Broth",1,52,-6,-5,2,-1,-5,"Male/ Female","Blade/ Gunner",6,"4","7","OO-","Poison",-2,"Sharpness",2,"Dragon Res",3,,,,
"Hornetaur Cap S","8800z","HornetaurInnrWng",1,"Hornetaur Carpce",4,"Hornetaur Shell",4,"Monster Broth",1,26,-5,-3,3,2,-4,"Male/ Female","Blade/ Gunner",6,"4","7","O--","Poison",-3,"PierceS Up",2,"Dragon Res",3,"Precision",1,,
"Genprey Helm S","8800z","Genprey Scale+",4,"Genprey Hide+",6,"Carbalite Ore",5,"Paralysis Sac",3,52,2,3,-1,-2,-2,"Male/ Female","Blade/ Gunner",6,"4","7","O--","Paralysis",5,"Poison",-2,"Spc Attack",2,,,,
"Genprey Cap S","8800z","Genprey Scale+",4,"Genprey Hide+",6,"Carbalite Ore",5,"Paralysis Sac",3,26,4,5,0,0,0,"Male/ Female","Blade/ Gunner",6,"4","7","OO-","Paralysis",3,"Poison",-2,"Spc Attack",2,,,,
"Ioprey Helm S","8950z","Ioprey Scale+",4,"Ioprey Hide+",6,"Carbalite Ore",6,"Toxin Sac",3,52,3,-2,-1,2,1,"Male/ Female","Blade/ Gunner",6,"4","7","OO-","Faint",-2,"Poison",3,"Defence",2,,,,
"Ioprey Cap S","8950z","Ioprey Scale+",4,"Ioprey Hide+",6,"Carbalite Ore",6,"Toxin Sac",3,28,4,0,0,3,2,"Male/ Female","Blade/ Gunner",6,"4","7","OO-","Faint",-2,"Poison",3,"NormalS Up",2,,,,
"Kut-Ku Helm S","8950z","Long Kut-Ku Ear",1,"Kut-Ku Carapace",2,"Kut-Ku Webbing",1,"Conga Pelt+",4,52,2,0,-1,-2,-2,"Male/ Female","Blade/ Gunner",6,"4","7","O--","Attack",5,"Defence",-2,"Fire Res",2,,,,
"Kut-Ku Cap S","8950z","Long Kut-Ku Ear",1,"Kut-Ku Carapace",2,"Kut-Ku Webbing",1,"Conga Pelt+",4,28,5,3,0,1,-1,"Male/ Female","Blade/ Gunner",6,"4","7","OO-","Attack",3,"Defence",-2,"Fire Res",2,,,,
"Cephalos Helm S","9000z","Cephalos Scale+",5,"Cephalos Fin+",2,"Machalite Ore",10,"Disk Stone",20,54,-3,-4,0,2,2,"Male/ Female","Blade/ Gunner",6,"4","7","O--","Heat Res",5,"Cold Res",-1,"PsychicVis",3,,,,
"Cephalos Cap S","9000z","Cephalos Scale+",5,"Cephalos Fin+",2,"Machalite Ore",10,"Disk Stone",20,28,-1,-2,1,5,3,"Male/ Female","Blade/ Gunner",6,"4","7","OO-","Heat Res",3,"Cold Res",-1,"PsychicVis",3,,,,
"Conga Helm S","9000z","Congalala Pelt+",2,"Vibrant Pelt",1,"Congalala Claw+",2,"King Scarab",2,54,-3,2,0,2,-1,"Male/ Female","Blade/ Gunner",6,"4","7","O--","Antiseptic",2,"Sneak",-2,"ElementAtk",2,"Gluttony",3,,
"Conga Cap S","9000z","Congalala Pelt+",2,"Vibrant Pelt",1,"Congalala Claw+",2,"King Scarab",2,28,-1,4,1,4,0,"Male/ Female","Blade/ Gunner",6,"4","7","O--","Antiseptic",2,"Sneak",-2,"NormalS Up",2,"Gluttony",3,,
"Gypceros Helm S","9000z","Rubbery Hide+",4,"Gypceros Head",1,"Antiseptic Stone",8,"Gendrome Tail",2,54,-4,4,0,1,1,"Male/ Female","Blade/ Gunner",6,"5","7","O--","Poison",5,"Hunger",-2,"Stamina",2,,,,
"Gypceros Cap S","9000z","Rubbery Hide+",4,"Gypceros Head",1,"Antiseptic Stone",8,"Gendrome Tail",2,28,-1,6,0,4,3,"Male/ Female","Blade/ Gunner",6,"5","7","OO-","Poison",3,"Hunger",-2,"Stamina",2,,,,
"Khezu Helm S","9100z","Khezu Hide - Tan",2,"Hrd Monster Bone",1,"Dragonite Ore",8,"Monster Broth",3,56,-3,4,0,3,1,"Male/ Female","Blade/ Gunner",6,"5","7","O--","Faint",-2,"Rec Speed",5,"Wide Area",2,,,,
"Khezu Cap S","9100z","Khezu Hide - Tan",2,"Hrd Monster Bone",1,"Dragonite Ore",8,"Monster Broth",3,28,-1,6,0,5,2,"Male/ Female","Blade/ Gunner",6,"5","7","OO-","Faint",-2,"Rec Speed",3,"Wide Area",2,,,,
"Hermitaur Helm S","9100z","Hermitaur Claw+",1,"Hermitaur Carpce",2,"Carbalite Ore",3,"Wyvern Skull Shl",1,56,-3,-4,1,3,0,"Male/ Female","Blade/ Gunner",6,"4","7","OO-","Guard",2,"Throw",2,"Defence",2,"Stamina",-1,,
"Hermitaur Cap S","9100z","Hermitaur Claw+",1,"Hermitaur Carpce",2,"Carbalite Ore",3,"Wyvern Skull Shl",1,28,-1,-2,2,5,1,"Male/ Female","Blade/ Gunner",6,"4","7","OO-","Load",3,"Defence",2,"All Resist",-2,,,,
"Hypnoc Helm S","9100z","Hypnoc Feather",2,"Rainbow Down",3,"Hypnoc Beak",3,"Wyvern Fang",4,56,-2,0,1,2,1,"Male/ Female","Blade/ Gunner",6,"7","7","O--","Sleep",5,"Hunger",-2,"Stamina",2,,,,
"Hypnoc Cap S","9100z","Hypnoc Feather",2,"Rainbow Down",3,"Hypnoc Beak",3,"Wyvern Fang",4,28,0,2,2,4,3,"Male/ Female","Blade/ Gunner",6,"7","7","OO-","Sleep",1,"Hunger",-3,"Stamina",3,,,,
"Basarios Helm S","9100z","Basarios Tears",1,"Basarios Carpace",3,"Kut-Ku Scale+",2,"Knife Mackerel",10,56,0,2,-2,2,1,"Male/ Female","Blade/ Gunner",6,"5","7","O--","Sleep",3,"Poison",2,"Defence",2,"Dragon Res",-2,,
"Basarios Cap S","9100z","Basarios Tears",1,"Basarios Carpace",3,"Blue Kut-Ku Scl+",2,"Knife Mackerel",10,28,2,4,0,4,2,"Male/ Female","Blade/ Gunner",6,"5","7","OO-","Sleep",1,"Poison",2,"Defence",2,"Dragon Res",-2,,
"Plesioth Helm S","9500z","Plesioth Scale+",3,"Plesioth Fin+",2,"Monster Broth",2,"Cephalos Scale+",2,58,-4,-4,0,4,2,"Male/ Female","Blade/ Gunner",6,"5","8","OO-","Hunger",-2,"Heat Res",2,"Cold Res",2,"Stamina",1,,
"Plesioth Cap S","9500z","Plesioth Scale+",3,"Plesioth Fin+",2,"Monster Broth",2,"Cephalos Scale+",2,30,-2,-2,1,6,3,"Male/ Female","Blade/ Gunner",6,"5","8","OO-","Hunger",-2,"Heat Res",2,"Cold Res",2,"Stamina",1,,
"Monoblos Helm S","9900z","Monoblos Thrcic",2,"Majestic Red Hrn",1,"Monoblos Carpce",4,"Firecell Stone",1,60,2,-2,-1,-1,-1,"Male/ Female","Blade/ Gunner",6,"10","8!","O--","Attack",6,"Protection",-1,"Potential",2,,,,
"Monoblos Cap S","9900z","Monoblos Thrcic",2,"Majestic Red Hrn",1,"Monoblos Carpce",4,"Firecell Stone",1,30,4,0,0,2,0,"Male/ Female","Blade/ Gunner",6,"10","8!","OO-","Attack",3,"Protection",-2,"Potential",2,,,,
"Garuga Helm S","9900z","Garuga Devil Ear",2,"Sharpened Beak+",2,"Garuga Carapace",3,"Garuga Mane",4,60,2,2,0,0,0,"Male/ Female","Blade/ Gunner",6,"8","8","O--","Poison",2,"Expert",3,"HearProtct",2,"Gathering",-2,,
"Garuga Cap S","9900z","Garuga Devil Ear",2,"Sharpened Beak+",2,"Garuga Carapace",3,"Garuga Mane",4,30,3,3,0,2,1,"Male/ Female","Blade/ Gunner",6,"8","8","O--","Expert",3,"HearProtct",2,"Gathering",-2,"PoisnCtAdd",2,,
"Blango Helm S","9900z","Blangonga Pelt+",3,"Blangonga Fang+",1,"Brute Bone",4,"Velocidrome Hide",3,60,-4,0,1,2,3,"Male/ Female","Blade/ Gunner",6,"5","8","O--","Snow Res",2,"Attack",4,"Heat Res",-1,"Cold Res",2,,
"Blango Cap S","9900z","Blangonga Pelt+",3,"Blangonga Fang+",1,"Brute Bone",4,"Velocidrome Hide",3,30,-3,1,2,4,5,"Male/ Female","Blade/ Gunner",6,"5","8","OO-","Snow Res",2,"Attack",2,"Heat Res",-1,"Cold Res",2,,
"Ceanataur Helm S","10050z","Ceanataur Carpce",2,"Ceanataur Claw+",2,"Ceanataur Shell",5,"King Scarab",5,61,1,-1,0,2,-1,"Male/ Female","Blade/ Gunner",6,"5","8","OO-","Artisan",2,"SwdShrpner",1,"Attack",2,"Defence",-2,,
"Ceanataur Cap S","10050z","Ceanataur Carpce",2,"Ceanataur Claw+",2,"Ceanataur Shell",5,"King Scarab",5,30,2,0,2,4,0,"Male/ Female","Blade/ Gunner",6,"5","8","OO-","PierceS Up",2,"PierceSAdd",3,"Defence",-2,,,,
"Rathian Helm S","10250z","Rathian Scale+",3,"Rathian Scale",3,"Rathian Carapace",2,"Carbalite Ore",3,62,2,-2,-4,0,0,"Male/ Female","Blade/ Gunner",6,"5","9","O--","Faint",-2,"Poison",3,"Health",4,,,,
"Rathian Cap S","10250z","Rathian Scale+",3,"Rathian Scale",3,"Rathian Carapace",2,"Carbalite Ore",3,30,4,0,-2,2,2,"Male/ Female","Blade/ Gunner",6,"5","9","OO-","Faint",-1,"Poison",2,"Health",4,,,,
"Naruga Helm S","10250z","Naruga Spike",5,"Naruga Scale+",4,"Naruga Marrow",1,"Monster Broth",3,62,-4,-3,0,3,2,"Male/ Female","Blade/ Gunner",6,"8","9","OO-","Attack",-2,"Evade Inc",3,"Technique",2,,,,
"Naruga Cap S","10250z","Naruga Spike",5,"Naruga Scale+",4,"Naruga Marrow",1,"Monster Broth",3,30,-2,-1,1,4,3,"Male/ Female","Blade/ Gunner",6,"8","9","OO-","Attack",-2,"Evade Inc",1,"Technique",4,,,,
"Tigrex Helm S","10750z","Tigrex Claw+",3,"Tigrex Skull Shl",1,"Tigrex Fang+",1,"Carbalite Ore",3,64,3,-2,-1,2,3,"Male/ Female","Blade/ Gunner",6,"6","9","OO-","Protection",-2,"Protection",-2,"HearProtct",1,"PsychicVis",1,"Cooking",3
"Tigrex Cap S","10750z","Tigrex Claw+",3,"Tigrex Skull Shl",1,"Tigrex Fang+",1,"Carbalite Ore",3,30,4,-1,0,3,4,"Male/ Female","Blade/ Gunner",6,"6","9","OO-","Protection",-2,"HearProtct",3,"PsychicVis",1,"PsychicVis",1,"Cooking",1
"Rathalos Helm S","10750z","Rathalos Ruby",1,"Rathalos Wing",1,"Rathalos Scale+",3,"Carbalite Ore",3,64,2,2,-4,-1,-3,"Male/ Female","Blade/ Gunner",6,"5","9","O--","Faint",-2,"Rec Speed",3,"Attack",4,,,,
"Rathalos Cap S","10750z","Rathalos Ruby",1,"Rathalos Wing",1,"Rathalos Scale+",3,"Carbalite Ore",3,30,4,5,-2,0,-1,"Male/ Female","Blade/ Gunner",6,"5","9","OO-","Faint",-1,"Rec Speed",2,"Attack",4,,,,
"Diablo Helm S","10750z","Diablos Carapace",3,"Majestic Horn",1,"Carbalite Ore",3,"Rare Scarab",2,64,3,1,0,-1,-2,"Male/ Female","Blade/ Gunner",6,"6","9","O--","Health",-3,"Expert",4,"WindPress",2,,,,
"Diablo Cap S","10750z","Diablos Carapace",3,"Majestic Horn",1,"Carbalite Ore",3,"Rare Scarab",2,30,5,4,0,2,-1,"Male/ Female","Blade/ Gunner",6,"6","9","OO-","Health",-2,"Expert",3,"WindPress",2,,,,
"Gravios Helm S","10750z","Gravios Carapace",5,"Gravios Skl Shl",1,"Wyvern Skull Shl",2,"Hrd Monster Bone",3,64,2,2,-2,-2,0,"Male/ Female","Blade/ Gunner",6,"6","9","OO-","Guard",2,"Defence",3,"Stamina",-2,,,,
"Gravios Cap S","10750z","Gravios Carapace",5,"Gravios Skl Shl",1,"Wyvern Skull Shl",2,"Hrd Monster Bone",3,30,4,3,0,1,1,"Male/ Female","Blade/ Gunner",6,"6","9","OO-","Recoil",2,"Defence",3,"Stamina",-2,,,,
"Leather Helm U","1350z","Giaprey Hide+",2,"Disk Stone",8,"Blango Pelt+",1,"Bulldrome Hide+",1,20,2,0,0,0,0,"Male/ Female","Blade/ Gunner",7,"4","7","OOO","Sneak",-1,"Gathering",2,"Alchemy",2,,,,
"Chain Helm U","1650z","Carbalite Ore",3,"Rainbow Ore",2,"Machalite Ore",15,,,22,2,-2,0,2,1,"Male/ Female","Blade/ Gunner",7,"4","7","OOO","Backpackng",2,"Map",-1,"Whim",2,,,,
"Hunter's Helm U","5350z","King Scarab",2,"Carbalite Ore",1,"High Quality Pelt",1,"Blk Gravios Shl",2,36,0,-4,0,0,0,"Male/ Female","Blade/ Gunner",7,"4","7","OO-","Sleep",-2,"BombStrUp",2,"PsychicVis",3,,,,
"Hunter's Cap U","5350z","King Scarab",2,"Carbalite Ore",1,"High Quality Pelt",1,"Blk Gravios Shl",2,24,2,-2,0,2,2,"Male/ Female","Blade/ Gunner",7,"4","7","OO-","Sleep",-2,"CragS Add",2,"PsychicVis",3,,,,
"Bone Helm U","7200z","Ioprey Hide+",2,"Hrd Monster Bone",1,"Master's Skull",1,"Blango Pelt+",3,42,2,-2,-2,2,-2,"Male/ Female","Blade/ Gunner",7,"4","7","O--","Guard",-1,"Anti-Theft",2,"Horn",3,"Fatigue",3,,
"Bone Cap U","7200z","Ioprey Hide+",2,"Hrd Monster Bone",1,"Master's Skull",1,"Blango Pelt+",3,24,5,0,0,5,-1,"Male/ Female","Blade/ Gunner",7,"4","7","OO-","Anti-Theft",2,"Precision",-2,"Fatigue",3,,,,
"Battle Helm U","7500z","Bulldrome Hide+",2,"Ioprey Hide+",3,"Carbalite Ore",4,"Rainbow Ore",3,44,2,-2,0,-2,-1,"Male/ Female","Blade/ Gunner",7,"4","7","OO-","Guard",2,"Defence",3,"Stamina",-2,,,,
"Battle Cap U","7500z","Bulldrome Hide+",2,"Genprey Hide+",3,"Carbalite Ore",4,"Rainbow Ore",3,24,4,0,2,0,0,"Male/ Female","Blade/ Gunner",7,"4","7","OO-","Load",2,"Defence",3,"All Resist",-2,,,,
"Giaprey Helm U","7500z","Giaprey Scale+",3,"Giaprey Hide+",3,"Blk Gravios Shl",1,"Carbalite Ore",2,44,0,1,-1,1,3,"Male/ Female","Blade/ Gunner",7,"4","7","OO-","Snow Res",3,"Fire Res",-2,"Evade",2,,,,
"Giaprey Cap U","7500z","Giaprey Scale+",3,"Giaprey Hide+",3,"Blk Gravios Shl",1,"Carbalite Ore",2,24,1,3,0,3,4,"Male/ Female","Blade/ Gunner",7,"4","7","OOO","Snow Res",1,"Fire Res",-2,"Evade",2,,,,
"Vespoid Helm U","7800z","Vespoid InnrWng",1,"Vespoid Carapace",4,"Rainbow Insect",2,"King Scarab",3,48,-6,2,2,-5,-4,"Male/ Female","Blade/ Gunner",7,"4","7","OO-","Sleep",4,"Spc Attack",2,"Water Res",-1,,,,
"Vespoid Cap U","7800z","Vespoid InnrWng",1,"Vespoid Carapace",4,"Rainbow Insect",2,"King Scarab",3,24,-5,5,2,-4,-3,"Male/ Female","Blade/ Gunner",7,"4","7","OOO","Sleep",2,"Spc Attack",2,"Water Res",-1,,,,
"Hi-Metal Helm U","7800z","Basarios Tears",1,"Carbalite Ore",3,"Killer Beetle",2,,,48,-2,3,0,-2,-1,"Male/ Female","Blade/ Gunner",7,"5","7","OO-","ElementAtk",3,"Protection",2,"Stamina",-2,,,,
"Hi-Metal Cap U","7800z","Basarios Tears",1,"Carbalite Ore",3,"Killer Beetle",2,,,24,0,5,0,0,0,"Male/ Female","Blade/ Gunner",7,"5","7","OOO","ElementAtk",1,"Protection",2,"Stamina",-2,,,,
"Hornetaur Helm U","8800z","HornetaurInnrWng",1,"Hornetaur Carpce",4,"Rainbow Insect",2,"King Scarab",3,50,-6,-5,2,-1,-5,"Male/ Female","Blade/ Gunner",7,"4","7","O--","Protection",-3,"HearProtct",4,"Gathering",2,,,,
"Hornetaur Cap U","8800z","HornetaurInnrWng",1,"Hornetaur Carpce",4,"Rainbow Insect",2,"King Scarab",3,24,-5,-3,3,2,-4,"Male/ Female","Blade/ Gunner",7,"4","7","OO-","Protection",-2,"HearProtct",3,"Gathering",2,,,,
"Genprey Helm U","8800z","Genprey Scale+",4,"Rainbow Insect",2,"Genprey Hide+",6,"Monster Bone+",3,50,2,3,-1,-2,-2,"Male/ Female","Blade/ Gunner",7,"4","7","OO-","Paralysis",3,"Ice Res",-2,"Fate",2,,,,
"Genprey Cap U","8800z","Genprey Scale+",4,"Rainbow Insect",2,"Genprey Hide+",6,"Monster Bone+",3,24,4,5,0,0,0,"Male/ Female","Blade/ Gunner",7,"4","7","OOO","Paralysis",1,"Ice Res",-2,"Fate",2,,,,
"Ioprey Helm U","8950z","Ioprey Scale+",4,"Rainbow Insect",2,"Ioprey Hide+",6,"Stout Bone",3,50,3,-2,-1,2,1,"Male/ Female","Blade/ Gunner",7,"4","7","OO-","Poison",3,"ThunderRes",-2,"Recovery",2,,,,
"Ioprey Cap U","8950z","Ioprey Scale+",4,"Rainbow Insect",2,"Ioprey Hide+",6,"Stout Bone",3,26,4,0,0,3,2,"Male/ Female","Blade/ Gunner",7,"4","7","OOO","Poison",1,"ThunderRes",-2,"Recovery",2,,,,
"Kut-Ku Helm U","8950z","Long Kut-Ku Ear",1,"Blue Kut-Ku Cpc",2,"Kut-Ku Webbing",1,"Conga Pelt+",4,50,2,0,-1,-2,-2,"Male/ Female","Blade/ Gunner",7,"4","7","OO-","Health",-2,"Expert",3,"ElementAtk",2,,,,
"Kut-Ku Cap U","8950z","Long Kut-Ku Ear",1,"Blue Kut-Ku Cpc",2,"Kut-Ku Webbing",1,"Conga Pelt+",4,26,5,3,0,1,-1,"Male/ Female","Blade/ Gunner",7,"4","7","OOO","Health",-2,"Expert",1,"ElementAtk",2,,,,
"Cephalos Helm U","9000z","Coral Cphlos Scl",3,"Coral Cphlos Fin",2,"Carbalite Ore",3,"Iron Ore",25,52,-3,-4,0,2,2,"Male/ Female","Blade/ Gunner",7,"4","7","OO-","Hunger",4,"Heat Res",2,"Cold Res",-1,,,,
"Cephalos Cap U","9000z","Coral Cphlos Scl",3,"Coral Cphlos Fin",2,"Carbalite Ore",3,"Iron Ore",25,26,-1,-2,1,5,3,"Male/ Female","Blade/ Gunner",7,"4","7","OOO","Hunger",2,"Heat Res",2,"Cold Res",-1,,,,
"Conga Helm U","9000z","Congalala Pelt+",2,"Vibrant Pelt",1,"Congalala Claw+",2,"Rainbow Insect",2,52,-3,2,0,2,-1,"Male/ Female","Blade/ Gunner",7,"4","7","OOO","BombStrUp",2,"Hunger",-2,"Potential",1,,,,
"Conga Cap U","9000z","Congalala Pelt+",2,"Vibrant Pelt",1,"Congalala Claw+",2,"Rainbow Insect",2,26,-1,4,1,4,0,"Male/ Female","Blade/ Gunner",7,"4","7","OOO","PelletS Up",1,"BombStrUp",2,"Hunger",-2,,,,
"Gypceros Helm U","9000z","Pur GypcerosWng",2,"Monster Broth",2,"Antiseptic Stone",8,"Gypceros Head",1,52,-4,4,0,1,1,"Male/ Female","Blade/ Gunner",7,"5","7","OO-","Faint",4,"WindPress",2,"Fate",-1,,,,
"Gypceros Cap U","9000z","Pur GypcerosWng",2,"Monster Broth",2,"Antiseptic Stone",8,"Gypceros Head",1,26,-1,6,0,4,3,"Male/ Female","Blade/ Gunner",7,"5","7","OOO","Faint",1,"WindPress",2,"Fate",-2,,,,
"Khezu Helm U","9100z","Alluring Webbing",2,"Pale Khezu Steak",1,"Monster Broth",5,"Carbalite Ore",4,54,3,4,0,-3,0,"Male/ Female","Blade/ Gunner",7,"5","7","O--","Rec Speed",-1,"Wide Area",6,"Recovery",2,,,,
"Khezu Cap U","9100z","Alluring Webbing",2,"Pale Khezu Steak",1,"Monster Broth",5,"Carbalite Ore",4,26,5,6,0,-1,1,"Male/ Female","Blade/ Gunner",7,"5","7","OO-","Rec Speed",-1,"Wide Area",4,"Recovery",2,,,,
"Hermitaur Helm U","9100z","Hermitaur Carpce",3,"Rainbow Insect",2,"Wyvern Skull Shl",1,"Gendrome Tail",1,54,-3,-4,1,3,0,"Male/ Female","Blade/ Gunner",7,"4","7","OO-","Guard Up",2,"Defence",3,"ThunderRes",-2,,,,
"Hermitaur Cap U","9100z","Hermitaur Carpce",3,"Rainbow Insect",2,"Wyvern Skull Shl",1,"Gendrome Tail",1,26,-1,-2,2,5,1,"Male/ Female","Blade/ Gunner",7,"4","7","OOO","Guard Up",,"Defence",1,"ThunderRes",-2,,,,
"Basarios Helm U","9100z","Basarios Tears",1,"Basarios Carpace",3,"Small Goldenfish",5,"Machalite Ore",20,54,0,2,-2,2,1,"Male/ Female","Blade/ Gunner",7,"5","7","OO-","Faint",-2,"Guard",2,"Terrain",3,,,,
"Basarios Cap U","9100z","Basarios Tears",1,"Basarios Carpace",3,"Grn Plesioth Scl",2,"Machalite Ore",20,26,2,4,0,4,2,"Male/ Female","Blade/ Gunner",7,"5","7","OO-","Faint",-2,"PierceSAdd",3,"Terrain",2,,,,
"Plesioth Helm U","9500z","Grn Plsioth Scl+",2,"Grn Plsioth Fin+",3,"King Scarab",3,"Coral Cphlos Scl",1,56,-4,-4,0,4,2,"Male/ Female","Blade/ Gunner",7,"5","8","OO-","Poison",-2,"Hunger",3,"Everlastng",2,,,,
"Plesioth Cap U","9500z","Grn Plsioth Scl+",2,"Grn Plsioth Fin+",3,"King Scarab",3,"Coral Cphlos Scl",1,28,-2,-2,1,6,3,"Male/ Female","Blade/ Gunner",7,"5","8","OO-","Poison",-2,"Hunger",3,"Everlastng",2,,,,
"Blango Helm U","9900z","Blangonga Pelt+",3,"Blangonga Fang+",1,"Brute Bone",2,"Gendrome Tail",2,58,-4,0,1,2,3,"Male/ Female","Blade/ Gunner",7,"5","8","OO-","Spc Attack",2,"HearProtct",3,"Terrain",-2,,,,
"Blango Cap U","9900z","Blangonga Pelt+",3,"Blangonga Fang+",1,"Brute Bone",2,"Gendrome Tail",2,28,-3,1,2,4,5,"Male/ Female","Blade/ Gunner",7,"5","8","OOO","Spc Attack",1,"HearProtct",2,"Terrain",-2,,,,
"Ceanataur Helm U","10050z","Ceanataur Carpce",2,"Ceanataur Claw+",2,"Ceanataur Shell",5,"Rainbow Ore",3,59,1,-1,0,2,-1,"Male/ Female","Blade/ Gunner",7,"5","8","OO-","Health",-3,"Sharpness",2,"Expert",2,,,,
"Ceanataur Cap U","10050z","Ceanataur Carpce",2,"Ceanataur Claw+",2,"Ceanataur Shell",5,"Rainbow Ore",3,28,2,0,2,4,0,"Male/ Female","Blade/ Gunner",7,"5","8","OO-","Health",-3,"Expert",2,"Load",2,,,,
"Diablo Helm U","10750z","Black Blos Cpc",3,"Majestic Horn",1,"Nova Crystal",1,"Rare Scarab",2,62,3,1,0,-1,-2,"Male/ Female","Blade/ Gunner",7,"6","9","OO-","Sharpness",2,"Defence",-2,"WindPress",3,,,,
"Diablo Cap U","10750z","Black Blos Cpc",3,"Majestic Horn",1,"Nova Crystal",1,"Rare Scarab",2,28,5,4,0,2,-1,"Male/ Female","Blade/ Gunner",7,"6","9","OO-","Load",2,"WindPress",3,"Fate",-2,,,,
"Gravios Helm U","10750z","Blk Gravios Cpc",5,"Blk Gravios Skl",1,"Wyvern Skull Shl",2,"Rare Scarab",3,62,2,2,0,-2,1,"Male/ Female","Blade/ Gunner",7,"6","9","OO-","Guard Up",3,"Hunger",-3,"Defence",1,,,,
"Gravios Cap U","10750z","Blk Gravios Cpc",5,"Blk Gravios Skl",1,"Wyvern Skull Shl",2,"Rare Scarab",3,28,4,3,0,1,2,"Male/ Female","Blade/ Gunner",7,"6","9","OO-","Guard Up",2,"Hunger",-2,"Defence",3,,,,
"Skull Face","2200z","Master's Skull",1,"Ancient Potion",1,"Lifecrystals",1,"Nova Crystal",1,22,2,0,0,0,0,"Male/ Female","Blade/ Gunner",8,"4","7","OO-","Artisan",2,"Expert",3,"Protection",-2,,,,
"Black Belt Helm S","5250z","Rare Scarab",4,"Expert Ticket",6,"Kirin Coin",10,"Fire Coin",12,30,3,3,3,3,3,"Male/ Female","Blade/ Gunner",8,"4","8","---","Torso Inc",,,,,,,,,
"Shinobi Mask (Heaven)","16000z","Fatalis Webbing",1,"Commendation",1,"Pokke Ticket",1,"Rathalos Scale+",5,30,2,4,2,-6,-3,"Male/ Female","Blade/ Gunner",8,"6!","10","OO-","ElementAtk",2,"Cold Res",-2,"Evade",3,,,,
"Shinobi Mask (Earth)","16000z","Fatalis Webbing",1,"Commendation",1,"Pokke Ticket",1,"Rathalos Scale+",5,30,2,4,2,-6,-3,"Male/ Female","Blade/ Gunner",8,"6!","10","OO-","Sneak",2,"Hunger",4,"Heat Res",-1,,,,
"RdGuildGuardTricorne","16000z","Firecell Stone",2,"FlynMealPassPlus",1,"Commendation",1,"Fire Dragon Pwdr",2,30,0,0,0,0,0,"Male","Blade/ Gunner",8,"6","8","O--","Protection",-2,"Backpackng",2,"Whim",3,"Fate",2,,
"Red Guild Guard Mask","16000z","Firecell Stone",2,"FlynMealPassPlus",1,"Commendation",1,"Daora Carapace",3,30,0,0,0,0,0,"Male","Blade/ Gunner",8,"6","8","O--","PelletS Up",2,"PelletSAdd",3,"Protection",-2,"Backpackng",2,,
"BlGuildGuardTricorne","16000z","Nova Crystal",2,"Pokke Ticket",2,"Commendation",1,"Ceanataur Carpce",5,30,0,0,0,0,0,"Male","Blade/ Gunner",8,"5","7","O--","Protection",2,"Fate",-3,"Carving",4,,,,
"Blue GuildGuard Mask","16000z","Nova Crystal",2,"Pokke Ticket",2,"Commendation",1,"Ceanataur Claw+",3,30,0,0,0,0,0,"Male","Blade/ Gunner",8,"5","7","O--","NormalS Up",2,"Fate",-3,"Carving",4,,,,
"Red Guild Guard Hat","16000z","Firecell Stone",2,"FlynMealPassPlus",1,"Commendation",1,"Fire Dragon Pwdr",2,30,0,0,0,0,0,"Female","Blade/ Gunner",8,"6","8","O--","Protection",-2,"Backpackng",2,"Whim",3,"Fate",2,,
"RedGuildGuardPiercng","16000z","Firecell Stone",2,"FlynMealPassPlus",1,"Commendation",1,"Daora Carapace",3,30,0,0,0,0,0,"Female","Blade/ Gunner",8,"6","8","O--","PelletS Up",2,"PelletSAdd",3,"Protection",-2,"Backpackng",2,,
"Blue Guild Guard Hat","16000z","Nova Crystal",2,"Pokke Ticket",2,"Commendation",1,"Ceanataur Carpce",5,30,0,0,0,0,0,"Female","Blade/ Gunner",8,"5","7","O--","Protection",2,"Fate",-3,"Carving",4,,,,
"BluGuildGuardPiercng","16000z","Nova Crystal",2,"Pokke Ticket",2,"Commendation",1,"Ceanataur Claw+",3,30,0,0,0,0,0,"Female","Blade/ Gunner",8,"5","7","O--","NormalS Up",2,"Fate",-3,"Carving",4,,,,
"Devil Blos Helm","5800z","One-HornedTicket",1,"Diablos Carapace",3,"Majestic Horn",1,"Rare Scarab",2,40,3,1,0,-1,-2,"Male/ Female","Blade/ Gunner",8,"6","9","O--","PsychicVis",3,"Technique",-3,"Fast Chrge",3,,,,
"Devil Blos Cap","5800z","One-HornedTicket",1,"Diablos Carapace",3,"Majestic Horn",1,"Rare Scarab",2,20,5,4,0,2,-1,"Male/ Female","Blade/ Gunner",8,"6","9","O--","PsychicVis",4,"Stamina",1,"Technique",-2,"Fast Chrge",2,,
"Jolly Roger Hat","13500z","Pirate J Ticket",1,"Teostra Carapace",2,"Small Goldenfish",2,"Remobra Skin+",1,48,0,0,0,0,0,"Male/ Female","Blade/ Gunner",8,"6!","10","---","Protection",-3,"Fate",4,"Carving",4,,,,
"Jolly Roger Cap","13500z","Pirate J Ticket",1,"Teostra Carapace",2,"Small Goldenfish",2,"Remobra Skin+",1,24,0,0,0,0,0,"Male/ Female","Blade/ Gunner",8,"6!","10","---","BombStrUp",3,"Protection",-2,"Fate",2,"Carving",4,,
"Golden Hair Tie","15500z","Rajang Horn",2,"Gold Rajang Pelt",1,"Rathalos Plate",1,,,55,3,2,3,2,-2,"Male/ Female","Blade/ Gunner",8,"6","6","O--","Sneak",-2,"Artisan",2,"Potential",3,"Horn",2,,
"Puppet Master Mask","15500z","Rajang Horn",2,"Blk Rajang Pelt",3,"Rathalos Plate",1,"DaoraDragonScal+",3,28,4,3,4,3,-1,"Male/ Female","Blade/ Gunner",8,"6","8","O--","Sneak",2,"Potential",3,"Precision",-1,"Gunnery",3,,
"Obituary Testa S","9100z","Rare Scarab",3,"Great Hornfly",2,"Thunderbug Juice",3,"Inferno Sac",2,56,3,3,2,-5,-4,"Male","Blade/ Gunner",8,"4","9","O--","Spc Attack",2,"Cold Res",-3,"Evade",4,,,,
"Obituary Caput S","9100z","Rare Scarab",3,"Great Hornfly",2,"Thunderbug Juice",3,"Inferno Sac",2,28,4,5,2,-4,-3,"Male","Blade/ Gunner",8,"4","9","OO-","Spc Attack",2,"Cold Res",-2,"Evade",3,,,,
"Butterfly Testa S","9100z","Rare Scarab",3,"Great Hornfly",2,"Thunderbug Juice",3,"Inferno Sac",2,56,3,3,2,-5,-4,"Female","Blade/ Gunner",8,"4","9","O--","Spc Attack",2,"Cold Res",-3,"Evade",4,,,,
"Butterfly Caput S","9100z","Rare Scarab",3,"Great Hornfly",2,"Thunderbug Juice",3,"Inferno Sac",2,28,4,5,2,-4,-3,"Female","Blade/ Gunner",8,"4","9","OO-","Spc Attack",2,"Cold Res",-2,"Evade",3,,,,
"Death Stench Brain S","10750z","Sinister Cloth",2,"Master's Skull",1,"Tigrex Claw+",3,"Elder Drgn Bone",2,64,2,1,0,1,-1,"Male/ Female","Blade/ Gunner",8,"6","9","OO-","Health",-3,"Fencing",2,"Spc Attack",2,,,,
"Death Stench Soul S","10750z","Sinister Cloth",2,"Master's Skull",1,"Tigrex Claw+",3,"Elder Drgn Bone",2,30,3,2,1,2,0,"Male/ Female","Blade/ Gunner",8,"6","9","OO-","Health",-3,"Spc Attack",2,"Speed Fire",2,,,,
"Supreme Mizuha Cap","14000z","Chameleos Hide+",3,"ChameleosWebbing",1,"Chameleos Jewel",1,"Rare Scarab",2,64,-4,0,-1,3,4,"Male/ Female","Blade/ Gunner",8,"6","9","O--","HearProtct",2,"WindPress",5,"Terrain",-2,,,,
"SuprmeExtravagantCap","14000z","Chameleos Hide+",3,"ChameleosWebbing",1,"Chameleos Jewel",1,"Rare Scarab",2,30,-3,1,0,4,5,"Male/ Female","Blade/ Gunner",8,"6","9","OO-","HearProtct",2,"WindPress",3,"Terrain",-2,,,,
"Kushala Glare S","16000z","Daora Carapace",2,"Daora Horn",1,"Daora Jewel",1,"Rare Scarab",2,66,0,-2,-3,2,4,"Male/ Female","Blade/ Gunner",8,"6","8","OO-","Poison",-1,"Sharpness",2,"Terrain",1,"Fast Chrge",3,,
"Kushala Snarl S","16000z","Daora Carapace",2,"Daora Horn",1,"Daora Jewel",1,"Rare Scarab",2,32,2,-2,-2,3,5,"Male/ Female","Blade/ Gunner",8,"6","8","OO-","Poison",-1,"PierceS Up",2,"Terrain",1,"Fast Chrge",3,,
"Kirin Horn S","16000z","Kirin Hide+",1,"Kirin Hide",3,"Kirin Azure Horn",1,"Kirin Mane",5,66,0,4,-1,2,0,"Male/ Female","Blade/ Gunner",8,"5","9","O--","ElementAtk",2,"All Resist",5,"Everlastng",-2,,,,
"Kirin Crest S","16000z","Kirin Hide+",1,"Kirin Hide",3,"Kirin Azure Horn",1,"Kirin Mane",5,32,1,6,0,4,1,"Male/ Female","Blade/ Gunner",8,"5","9","O--","ElementAtk",2,"All Resist",5,"Everlastng",-2,,,,
"Auroros Helm Haku","16000z","Lao-Shan Scale+",5,"Daora Carapace",3,"Lao-Shan's Claw",3,"Commendation",3,66,-2,0,-4,2,2,"Male","Blade/ Gunner",8,"6","9","O--","Faint",-2,"Rec Speed",2,"Guard",3,"Guard Up",2,,
"GenesisHeadpieceHaku","16000z","Lao-Shan Scale+",5,"Daora Carapace",3,"Lao-Shan's Claw",3,"Commendation",3,32,1,2,-2,3,3,"Male","Blade/ Gunner",8,"6","9","O--","Faint",-2,"Rec Speed",3,"Load",4,,,,
"Borealis Crown Haku","16000z","Lao-Shan Scale+",5,"Daora Carapace",3,"Lao-Shan's Claw",3,"Commendation",3,66,-2,0,-4,2,2,"Female","Blade/ Gunner",8,"6","9","O--","Faint",-2,"Rec Speed",2,"Guard",3,"Guard Up",2,,
"Glyph Crown Haku","16000z","Lao-Shan Scale+",5,"Daora Carapace",3,"Lao-Shan's Claw",3,"Commendation",3,32,1,2,-2,3,3,"Female","Blade/ Gunner",8,"6","9","O--","Faint",-2,"Rec Speed",3,"Load",4,,,,
"Ultimate Indra Helm","21000z","Gaoren Carapace",2,"Gaoren Thoracic",1,"Chameleos Jewel",1,,,70,-2,2,-2,3,2,"Male/ Female","Blade/ Gunner",8,"6","9","OO-","Guard",3,"Cooking",-2,"Quake Res",2,,,,
"SupremeSteadfastHelm","21000z","Gaoren Carapace",2,"Gaoren Thoracic",1,"Chameleos Jewel",1,,,34,0,3,-1,5,3,"Male/ Female","Blade/ Gunner",8,"6","9","O--","Recoil",3,"Fate",2,"Cooking",-2,"Quake Res",2,,
"Kaiser Crown S","21000z","Teostra Horn+",2,"Fire Drgn Scl+",3,"Fire Drgn Jwl",1,,,70,5,0,-2,-1,0,"Male/ Female","Blade/ Gunner",8,"6","9","O--","Expert",5,"Cold Res",-2,"Fatigue",2,,,,
"Kaiser Mask S","21000z","Teostra Horn+",2,"Fire Drgn Scl+",3,"Fire Drgn Jwl",1,,,34,6,2,-1,1,0,"Male/ Female","Blade/ Gunner",8,"6","9","OO-","Expert",3,"Cold Res",-2,"Fatigue",2,,,,
"Dragon Head S","22222z","Fatalis Eye",1,"Fatalis Scale",3,"Fatalis Horn",2,"FireWyvrn BrnStm",1,70,0,2,-5,2,2,"Male/ Female","Blade/ Gunner",8,"6!","10","O--","Sharpness",3,"Fencing",1,"Expert",-2,"Protection",-3,,
"Dragon Face S","22222z","Fatalis Eye",1,"Fatalis Scale",3,"Fatalis Horn",2,"FireWyvrn BrnStm",1,34,2,4,-2,4,3,"Male/ Female","Blade/ Gunner",8,"6!","10","O--","Expert",-2,"NormalS Up",1,"Protection",-3,"Speed Fire",3,,
"Dark Akantor Mask","21000z","Akantor Claw",2,"Akantor Shell",2,"Akantor Scale",3,"Wyvern Stone",5,70,2,-1,-4,3,4,"Male/ Female","Blade/ Gunner",8,"6","9","O--","Artisan",2,"Expert",4,"HearProtct",1,"Fast Chrge",-2,,
"Dark Akantor Fangs","21000z","Akantor Claw",2,"Akantor Shell",2,"Akantor Scale",3,"Wyvern Stone",5,34,3,0,-2,4,5,"Male/ Female","Blade/ Gunner",8,"6","9","O--","Expert",4,"HearProtct",1,"Loading",2,"Fast Chrge",-2,,
"Bistro Cap U","3000z","Khezu Hide - Tan",4,"FlynMealPassPlus",1,"Gourmet Fish+",10,,,28,2,2,2,2,2,"Male/ Female","Blade/ Gunner",8,"5","7","OO-","Cooking",5,"BBQ",2,,,,,,
"Shinobi Mask (Sky)","16000z","Fatalis Webbing",1,"Commendation",1,"Rainbow Ore",2,"Slvr Rathlos Cpc",2,28,2,4,2,-6,-3,"Male/ Female","Blade/ Gunner",8,"6!","10","OOO","Spc Attack",2,"Cold Res",-1,"Evade",2,,,,
"Shinobi Mask (Sea)","16000z","Fatalis Webbing",1,"Commendation",1,"Rainbow Ore",2,"Slvr Rathlos Cpc",2,28,2,4,2,-6,-3,"Male/ Female","Blade/ Gunner",8,"6!","10","OOO","Sneak",-1,"Hunger",2,"Wide Area",2,,,,
"Guardian Helm U","16000z","Union Ore",3,"Dosbiscus",4,"Expert Ticket",2,"Rajang Coin",2,28,0,0,0,0,0,"Male","Blade/ Gunner",8,"4","7","OOO","Protection",2,"Stamina",-1,"Gunnery",2,,,,
"Guardian Mask U","16000z","Union Ore",3,"Dosbiscus",4,"Expert Ticket",2,"Rajang Coin",2,28,0,0,0,0,0,"Male","Blade/ Gunner",8,"4","7","OO-","Sneak",-1,"Protection",2,"Wide Area",4,,,,
"Helper Hood U","16000z","Union Ore",3,"Dosbiscus",4,"Expert Ticket",2,"Rajang Coin",2,28,0,0,0,0,0,"Female","Blade/ Gunner",8,"4","7","OOO","Protection",2,"Stamina",-1,"Gunnery",2,,,,
"Healer Beret U","16000z","Union Ore",3,"Dosbiscus",4,"Expert Ticket",2,"Rajang Coin",2,28,0,0,0,0,0,"Female","Blade/ Gunner",8,"4","7","OO-","Sneak",-1,"Protection",2,"Wide Area",4,,,,
"Melahoa Flower Hat U","7800z","King Scarab",3,"Dosbiscus",4,"FlynMealPassPlus",1,"Armor Pill",3,48,0,1,0,1,0,"Male/ Female","Blade/ Gunner",8,"4","7","OO-","Health",-1,"Gathering",3,"HiSpdGathr",2,"Recovery",1,,
"Melahoa Bloom U","7800z","King Scarab",3,"Dosbiscus",4,"FlynMealPassPlus",1,"Armor Pill",3,24,0,1,0,2,0,"Male/ Female","Blade/ Gunner",8,"4","7","OO-","Health",-1,"Gathering",3,"HiSpdGathr",2,"Recovery",1,,
"Makluva Hood U","9000z","Cephalos Fin+",4,"Springnight Carp",4,"Speartuna",1,"Book of Combos 1",1,52,0,-2,0,2,0,"Male/ Female","Blade/ Gunner",8,"4","7","OO-","MixSucRate",5,"Alchemy",2,,,,,,
"Makluva Gills U","9000z","Cephalos Fin+",4,"Springnight Carp",4,"Speartuna",1,"Book of Combos 1",1,26,0,-1,0,3,0,"Male/ Female","Blade/ Gunner",8,"4","7","OOO","MixSucRate",3,"Alchemy",2,,,,,,
"Monodevil Helm U","9900z","WhtMnoblosThrcic",2,"Wht Monoblos Cpc",3,"Majestic Wht Hrn",1,"Firecell Stone",1,58,2,-2,-1,-1,-1,"Male/ Female","Blade/ Gunner",8,"10","8!","OO-","Artisan",2,"Expert",1,"Protection",-2,"Potential",2,,
"Monodevil Cap U","9900z","WhtMnoblosThrcic",2,"Wht Monoblos Cpc",3,"Majestic Wht Hrn",1,"Firecell Stone",1,28,4,0,0,2,0,"Male/ Female","Blade/ Gunner",8,"10","8!","OO-","Expert",1,"Protection",-2,"Potential",2,"Loading",2,,
"Rathian Heart Helm U","13950z","Pnk Rathian Cpc",2,"PnkRathian Scl+",3,"Hrd Monster Bone",2,"Rathian Spike+",2,60,2,-2,-4,0,0,"Male/ Female","Blade/ Gunner",8,"6","9","OO-","Antiseptic",1,"Sneak",-1,"Whim",3,"Recovery",2,,
"Rathian Heart Cap U","13950z","Pnk Rathian Cpc",2,"PnkRathian Scl+",3,"Hrd Monster Bone",2,"Rathian Spike+",2,28,4,0,-2,2,2,"Male/ Female","Blade/ Gunner",8,"6","9","OO-","Antiseptic",1,"Sneak",-1,"Whim",3,"Recovery",2,,
"Rathalos Soul Helm U","14500z","Azre Rathlos Cpc",2,"Azur Rathlos Wng",1,"Rathalos Ruby",1,"King Scarab",3,62,2,2,-4,-1,0,"Male/ Female","Blade/ Gunner",8,"6","9","OO-","Health",-2,"Expert",2,"HearProtct",3,,,,
"Rathalos Soul Cap U","14500z","Azre Rathlos Cpc",2,"Azur Rathlos Wng",1,"Rathalos Ruby",1,"King Scarab",3,28,4,5,-2,2,1,"Male/ Female","Blade/ Gunner",8,"6","9","OO-","Health",-2,"Expert",2,"HearProtct",3,,,,
"Golden Moon Helm","15100z","Gld Rathian Cpc",3,"Gld Rathian Scl+",4,"Rathian Spike+",1,"Rathian Ruby",1,62,2,-2,1,0,0,"Male/ Female","Blade/ Gunner",8,"6","9","OO-","Health",3,"Whim",-1,"Fate",3,,,,
"Golden Moon Cap","15100z","Gld Rathian Cpc",3,"Gld Rathian Scl+",4,"Rathian Spike+",1,"Rathian Ruby",1,31,4,0,2,2,1,"Male/ Female","Blade/ Gunner",8,"6","9","OO-","Health",3,"Whim",-1,"Fate",3,,,,
"Silver Sol Helm","16000z","Slvr Rathlos Cpc",2,"Slvr Rathlos Wng",1,"Rathalos Ruby",1,"Firecell Stone",1,64,2,-1,1,-1,0,"Male/ Female","Blade/ Gunner",8,"6","9","OO-","Fencing",2,"Attack",3,"Defence",-2,,,,
"Silver Sol Cap","16000z","Slvr Rathlos Cpc",2,"Slvr Rathlos Wng",1,"Rathalos Ruby",1,"Firecell Stone",1,32,4,1,2,2,1,"Male/ Female","Blade/ Gunner",8,"6","9","OO-","PierceS Up",2,"ElementAtk",1,"Attack",2,"Defence",-2,,
"Auroros Helm Ten","32500z","Azure LaoS Shell",5,"Rathalos Ruby",1,"Azure LaoS Horn",3,"Commendation",3,64,-2,0,-4,2,2,"Male","Blade/ Gunner",8,"5","9","OO-","Faint",-2,"Rec Speed",3,"Fencing",2,,,,
"Genesis Headpiece Ten","32500z","Azure LaoS Shell",5,"Rathalos Ruby",1,"Azure LaoS Horn",3,"Commendation",3,30,1,2,-2,3,3,"Male","Blade/ Gunner",8,"5","9","OO-","Faint",-2,"Rec Speed",3,"PierceS Up",2,,,,
"Borealis Crown Ten","32500z","Azure LaoS Shell",5,"Rathalos Ruby",1,"Azure LaoS Horn",3,"Commendation",3,64,-2,0,-4,2,2,"Female","Blade/ Gunner",8,"5","9","OO-","Faint",-2,"Rec Speed",3,"Fencing",2,,,,
"Glyph Crown Ten","32500z","Azure LaoS Shell",5,"Rathalos Ruby",1,"Azure LaoS Horn",3,"Commendation",3,30,1,2,-2,3,3,"Female","Blade/ Gunner",8,"5","9","OO-","Faint",-2,"Rec Speed",3,"PierceS Up",2,,,,
"Fatalis Head","33333z","Fatalis DevilEye",1,"Fatalis CrmsnScl",3,"Fatalis CrmsnHrn",2,"FireWyvrn BrnStm",1,68,0,2,-5,2,2,"Male/ Female","Blade/ Gunner",8,"6!","10","O--","Artisan",2,"Defence",-2,"Protection",3,"Stamina",2,,
"Fatalis Face","33333z","Fatalis DevilEye",1,"Fatalis CrmsnScl",3,"Fatalis CrmsnHrn",2,"FireWyvrn BrnStm",1,32,2,4,-2,4,3,"Male/ Female","Blade/ Gunner",8,"6!","10","O--","Defence",-2,"Protection",-3,"Stamina",2,"Loading",2,,
"White Fatalis Head","44444z","Wht Fatalis Scl",3,"Fatalis DevilEye",1,"White Ftalis Hrn",2,"Wyvern Stone",3,71,0,2,-5,2,2,"Male/ Female","Blade/ Gunner",8,"6!","10","O--","Sharpness",-2,"Artisan",2,"Fencing",2,"Protection",-3,,
"White Fatalis Face","44444z","Wht Fatalis Scl",3,"Fatalis DevilEye",1,"White Ftalis Hrn",2,"Wyvern Stone",3,35,2,4,-2,4,3,"Male/ Female","Blade/ Gunner",8,"6!","10","O--","Protection",-3,"Stamina",-2,"Loading",2,"Fast Chrge",2,,
"Kut-Ku Helm X","12800z","Lucky Kut-KuEar",1,"Kut-Ku Hvy Cpc",2,"Kut-Ku Hrd Wbbng",1,"Blango Pelt+",2,78,2,0,-1,-2,-2,"Male/ Female","Blade/ Gunner",9,"7","10","OO-","Rec Speed",5,"Attack",2,"Defence",-2,,,,
"Kut-Ku Cap X","12800z","Lucky Kut-KuEar",1,"Kut-Ku Hvy Cpc",2,"Kut-Ku Hrd Wbbng",1,"Blango Pelt+",2,38,5,3,0,1,-1,"Male/ Female","Blade/ Gunner",9,"7","10","OOO","Rec Speed",2,"Attack",2,"Defence",-3,,,,
"Conga Helm X",13300,"Congalala Pelt G",2,"Vibrant Pelt",2,"Congalala Claw G",2,"Emperor Locust",2,80,-3,2,0,2,-1,"Male/ Female","Blade/ Gunner",9,"7","10","OO-","Spc Attack",4,"Hunger",-2,"Gluttony",3,,,,
"Conga Cap X",13300,"Congalala Pelt G",2,"Vibrant Pelt",2,"Congalala Claw G",2,"Emperor Locust",2,40,-1,4,1,4,0,"Male/ Female","Blade/ Gunner",9,"7","10","OO-","Antiseptic",4,"PierceS Up",3,"Hunger",-2,,,,
"Gypceros Helm X",13300,"Rubbery Hide G",4,"Gypceros HrdHead",1,"Pure Crystal",1,"Gendrome Hide",2,80,-4,4,0,1,1,"Male/ Female","Blade/ Gunner",9,"7","10","OO-","Poison",3,"Recovery",-3,"Carving",3,,,,
"Gypceros Cap X",13300,"Rubbery Hide G",4,"Gypceros HrdHead",1,"Pure Crystal",1,"Gendrome Hide",2,40,-1,6,0,4,3,"Male/ Female","Blade/ Gunner",9,"7","10","OO-","Recovery",-3,"Carving",5,"PoisnCtAdd",1,,,,
"Khezu Helm X","13800z","Khezu Hide-Gloss",2,"Hvy Monster Bone",1,"Dragonite Ore",10,"Monster Broth+",3,82,-3,4,0,3,1,"Male/ Female","Blade/ Gunner",9,"7","10","OO-","Paralysis",3,"Faint",-2,"Recovery",4,,,,
"Khezu Cap X","13800z","Khezu Hide-Gloss",2,"Hvy Monster Bone",1,"Dragonite Ore",10,"Monster Broth+",3,40,-1,6,0,5,2,"Male/ Female","Blade/ Gunner",9,"7","10","OO-","Paralysis",3,"Faint",-2,"Rec Speed",4,,,,
"Hermitaur Helm X","13800z","HermitaurClaw G",1,"Hermitaur HvyCpc",3,"Carbalite Ore",6,"Wyvern Skull Shl",1,82,-3,-4,1,3,0,"Male/ Female","Blade/ Gunner",9,"7","10","OO-","Guard Up",1,"BombStrUp",3,"Defence",3,"All Resist",-2,,
"Hermitaur Cap X","13800z","HermitaurClaw G",1,"Hermitaur HvyCpc",3,"Carbalite Ore",6,"Wyvern Skull Shl",1,40,-1,-2,2,5,1,"Male/ Female","Blade/ Gunner",9,"7","10","OO-","Guard Up",1,"CragS Add",3,"Defence",3,"All Resist",-2,,
"Hypnoc Helm X","13800z","Hypnoc Feather+",2,"Rainbow Down",4,"HypncGizzardStn+",1,"Kut-Ku Thck Scl",2,82,-2,0,1,2,1,"Male/ Female","Blade/ Gunner",9,"7","10","OO-","Paralysis",-2,"Sleep",1,"Technique",6,,,,
"Hypnoc Cap X","13800z","Hypnoc Feather+",2,"Rainbow Down",4,"HypncGizzardStn+",1,"Kut-Ku Thck Scl",2,40,0,2,2,4,3,"Male/ Female","Blade/ Gunner",9,"7","10","OOO","Paralysis",-2,"SleepCtAdd",4,"Technique",1,,,,
"Basarios Helm X","13800z","Basarios Hvy Cpc",3,"BasariosStrngWng",1,"Ancient Fish",3,"Etherlite Ore",4,84,0,2,-2,2,1,"Male/ Female","Blade/ Gunner",9,"8","10","OO-","Attack",-2,"Defence",2,"Protection",2,"Gunnery",3,,
"Basarios Cap X","13800z","Basarios Hvy Cpc",3,"BasariosStrngWng",1,"Ancient Fish",3,"Etherlite Ore",4,42,2,4,0,4,2,"Male/ Female","Blade/ Gunner",9,"8","10","OOO","Attack",-2,"Defence",3,"Protection",2,,,,
"Plesioth Helm X","14250z","Plsioth Thck Scl",3,"Plesioth Fin G",2,"Piscine Fang+",2,"Monster Broth",2,84,-4,-4,0,4,2,"Male/ Female","Blade/ Gunner",9,"7","10","OO-","Stamina",3,"Technique",-3,"Trapper",3,,,,
"Plesioth Cap X","14250z","Plsioth Thck Scl",3,"Plesioth Fin G",2,"Piscine Fang+",2,"Monster Broth",2,42,-2,-2,1,6,3,"Male/ Female","Blade/ Gunner",9,"7","10","OO-","Stamina",1,"Technique",-1,"Trapper",2,"Observance",5,,
"Monoblos Helm X","14750z","Melange Ore",3,"Majestic Red Hrn",1,"Monoblos Carpce",5,"Firecell Stone",3,88,2,-2,-1,-1,-1,"Male/ Female","Blade/ Gunner",9,"7!","8!","OO-","Sharpness",2,"Protection",-2,"PsychicVis",3,"Potential",2,,
"Monoblos Cap X","14750z","Melange Ore",3,"Majestic Red Hrn",1,"Monoblos Carpce",5,"Firecell Stone",3,44,4,0,0,2,0,"Male/ Female","Blade/ Gunner",9,"7!","8!","OO-","PierceS Up",2,"Protection",-2,"PsychicVis",3,"Potential",2,,
"Yian Garuga Helm X","14750z","Garuga Hvy Cpc",3,"Garuga Devil Ear",4,"Sharpened Beak+",4,"Garuga Slvr Mane",3,88,2,2,0,0,0,"Male/ Female","Blade/ Gunner",9,"8","10","OO-","Rec Speed",-2,"Sharpness",2,"SwdShrpner",3,"HearProtct",2,,
"Yian Garuga Cap X","14750z","Garuga Hvy Cpc",3,"Garuga Devil Ear",4,"Sharpened Beak+",4,"Garuga Slvr Mane",3,44,3,3,0,2,1,"Male/ Female","Blade/ Gunner",9,"8","10","OO-","Rec Speed",-2,"NormalS Up",2,"HearProtct",2,"RazorCtAdd",3,,
"Blango Helm X","14750z","Blangonga Pelt G",3,"Blangnga HvyFang",1,"Stout Bone",4,"Razor Claw",3,88,-4,0,1,2,3,"Male/ Female","Blade/ Gunner",9,"8","10","OO-","ElementAtk",3,"Heat Res",-2,"Quake Res",4,,,,
"Blango Cap X","14750z","Blangonga Pelt G",3,"Blangnga HvyFang",1,"Stout Bone",4,"Razor Claw",3,44,-3,1,2,4,5,"Male/ Female","Blade/ Gunner",9,"8","10","OO-","ElementAtk",3,"Heat Res",-2,"Shot Mix",4,,,,
"Ceanataur Helm X","15100z","CeanataurHvyCpc",2,"CeanataurClaw G",2,"Ceanataur Carpce",5,"King Scarab",6,89,1,-1,0,2,-1,"Male/ Female","Blade/ Gunner",9,"8","10","OO-","Health",-4,"Fencing",4,"Drawn Crit",1,,,,
"Ceanataur Cap X","15100z","CeanataurHvyCpc",2,"CeanataurClaw G",2,"Ceanataur Carpce",5,"King Scarab",6,44,2,0,2,4,0,"Male/ Female","Blade/ Gunner",9,"8","10","OO-","Health",-3,"PierceSAdd",2,"Loading",4,,,,
"Rathian Helm X","15600z","Rathian Thck Scl",3,"Rathian Hvy Cpc",2,"FireWyvrn BrnStm",3,"Etherlite Ore",4,90,2,-2,-4,0,0,"Male/ Female","Blade/ Gunner",9,"8","10","OO-","Health",3,"Sharpness",3,"SwdShrpner",-2,"Recovery",1,,
"Rathian Cap X","15600z","Rathian Thck Scl",3,"Rathian Hvy Cpc",2,"FireWyvrn BrnStm",3,"Etherlite Ore",4,44,4,0,-2,2,2,"Male/ Female","Blade/ Gunner",9,"8","10","OO-","Health",1,"PelletS Up",3,"Recovery",3,"Precision",-2,,
"Naruga Helm X","15600z","Naruga Hvy Spike",5,"Naruga Thck Scl",4,"NarugaDvinePlate",1,"Monster Broth+",4,90,-4,-3,0,3,2,"Male/ Female","Blade/ Gunner",9,"8","10","OO-","Attack",-2,"Evade",2,"Evade Inc",3,"Set Trap",2,,
"Naruga Cap X","15600z","Naruga Hvy Spike",5,"Naruga Thck Scl",4,"NarugaDvinePlate",1,"Monster Broth+",4,44,-2,-1,1,4,3,"Male/ Female","Blade/ Gunner",9,"8","10","OOO","Attack",-3,"Evade",3,"Evade Inc",1,,,,
"Volganos Helm X","16100z","Volganos Hvy Cpc",3,"Volganos Fin+",1,"Volganos Thk Scl",5,"Remobra Skin G",2,92,4,0,1,-3,0,"Male/ Female","Blade/ Gunner",9,"8","10","O--","MixSucRate",-2,"Terrain",5,"Survival",1,"Fast Chrge",3,,
"Volganos Cap X","16100z","Volganos Hvy Cpc",3,"Volganos Fin+",1,"Volganos Thk Scl",5,"Remobra Skin G",2,46,5,2,2,-1,2,"Male/ Female","Blade/ Gunner",9,"8","10","OO-","MixSucRate",-2,"Terrain",2,"Survival",3,"Fast Chrge",2,,
"Tigrex Helm X","16100z","Tigrex StrngClaw",3,"Tigrex Skull Shl",1,"TigrexDvinePlate",1,"Tigrex Fang+",3,92,3,-2,-1,2,3,"Male/ Female","Blade/ Gunner",9,"9","10","OO-","Protection",-2,"HearProtct",2,"Cooking",3,"Observance",2,,
"Tigrex Cap X","16100z","Tigrex StrngClaw",3,"Tigrex Skull Shl",1,"TigrexDvinePlate",1,"Tigrex Fang+",3,46,4,-1,0,3,4,"Male/ Female","Blade/ Gunner",9,"9","10","OOO","Protection",-3,"HearProtct",2,"Cooking",2,,,,
"Rathalos Helm X","16100z","Rathalos ThckScl",3,"RathlosStrngWng",1,"RathlosDvnePlate",1,"Etherlite Ore",3,92,2,2,-4,-1,-3,"Male/ Female","Blade/ Gunner",9,"8","10","OO-","Attack",4,"Drawn Crit",3,"Fast Chrge",-2,,,,
"Rathalos Cap X","16100z","Rathalos ThckScl",3,"RathlosStrngWng",1,"RathlosDvnePlate",1,"Etherlite Ore",3,46,4,5,-2,0,-1,"Male/ Female","Blade/ Gunner",9,"8","10","OO-","NormalS Up",3,"Attack",4,"Fast Chrge",-2,,,,
"Diablo Helm X","16100z","Diablos Hvy Cpc",3,"Glorious Horn",1,"Majestic Horn",2,"PhantomButterfly",2,92,3,1,0,-1,-2,"Male/ Female","Blade/ Gunner",9,"9","10","OO-","Attack",3,"WindPress",4,"Map",-2,,,,
"Diablo Cap X","16100z","Diablos Hvy Cpc",3,"Glorious Horn",1,"Majestic Horn",2,"PhantomButterfly",2,46,5,4,0,2,-1,"Male/ Female","Blade/ Gunner",9,"9","10","OO-","Attack",6,"WindPress",1,"Map",-2,,,,
"Gravios Helm X","16100z","Gravios Hvy Cpc",5,"Gravios Carapace",6,"Gravios Skl Shl",2,"Gravios BrainStm",2,92,2,2,-2,-2,0,"Male/ Female","Blade/ Gunner",9,"9","10","OO-","Health",3,"Guard",1,"Guard Up",3,"Technique",-2,,
"Gravios Cap X","16100z","Gravios Hvy Cpc",5,"Gravios Carapace",6,"Gravios Skl Shl",2,"Gravios BrainStm",2,46,4,3,0,1,1,"Male/ Female","Blade/ Gunner",9,"9","10","OO-","Health",3,"Guard Up",3,"Recoil",1,"Technique",-2,,
"Kut-Ku Helm Z","12800z","Lucky Kut-KuEar",1,"BlueKut-KuHvyCpc",2,"Kut-Ku Hrd Wbbng",1,"Blango Pelt+",2,80,2,0,-1,-2,-2,"Male/ Female","Blade/ Gunner",9,"7","10","OOO","Health",-3,"Expert",1,"WindPress",3,,,,
"Kut-Ku Cap Z","12800z","Lucky Kut-KuEar",1,"BlueKut-KuHvyCpc",2,"Kut-Ku Hrd Wbbng",1,"Blango Pelt+",2,40,5,3,0,1,-1,"Male/ Female","Blade/ Gunner",9,"7","10","OOO","Health",-3,"Expert",1,"Load",3,,,,
"Conga Helm Z","13300z","GrnCongalalaPelt",4,"Vibrant Crown",1,"GrnCongalalaClaw",2,"Pure Crystal",1,82,2,1,0,1,-3,"Male/ Female","Blade/ Gunner",9,"7","10","OOO","Sharpness",-3,"Expert",2,"Cooking",2,,,,
"Conga Cap Z","13300z","GrnCongalalaPelt",4,"Vibrant Crown",1,"GrnCongalalaClaw",2,"Pure Crystal",1,42,4,3,0,3,-1,"Male/ Female","Blade/ Gunner",9,"7","10","OO-","PelletS Up",4,"Cooking",3,"Fast Chrge",-2,,,,
"Gypceros Helm Z","13300z","Pur Gyp StrngWng",2,"Monster Broth+",2,"Antiseptic Stone",8,"Gypceros HrdHead",1,82,-4,4,0,1,1,"Male/ Female","Blade/ Gunner",9,"7","10","OO-","Faint",4,"Hunger",-2,"Stamina",3,,,,
"Gypceros Cap Z","13300z","Pur Gyp StrngWng",2,"Monster Broth+",2,"Antiseptic Stone",8,"Gypceros HrdHead",1,42,-1,6,0,4,3,"Male/ Female","Blade/ Gunner",9,"7","10","OOO","Faint",2,"Hunger",-3,"Stamina",2,,,,
"Khezu Helm Z","13800z","Alluring Wing",3,"ChoiceKhezuSteak",1,"Etherlite Ore",4,"Lifepowder",3,84,3,4,0,-3,0,"Male/ Female","Blade/ Gunner",9,"7","10","OO-","Protection",-3,"HearProtct",5,"Wide Area",1,,,,
"Khezu Cap Z","13800z","Alluring Wing",3,"ChoiceKhezuSteak",1,"Etherlite Ore",4,"Lifepowder",3,42,5,6,0,-1,1,"Male/ Female","Blade/ Gunner",9,"7","10","OOO","Protection",-2,"HearProtct",3,"Wide Area",2,,,,
"Hermitaur Helm Z","13800z","Pur HermitaurClw",1,"Pur HermitaurShl",3,"Wyvern Skull Shl",1,"Etherlite Ore",3,84,0,-2,1,3,-4,"Male/ Female","Blade/ Gunner",9,"7","10","OO-","Guard",3,"Attack",3,"Stamina",-2,"Survival",1,,
"Hermitaur Cap Z","13800z","Pur HermitaurClw",1,"Pur HermitaurShl",3,"Wyvern Skull Shl",1,"Etherlite Ore",3,42,1,-1,2,6,-2,"Male/ Female","Blade/ Gunner",9,"7","10","OO-","Load",-2,"Recoil",3,"ClustS Add",3,"Survival",1,,
"Plesioth Helm Z","14250z","GrnPlsiothThkScl",3,"GrnPlsioth Fin G",2,"Piscine Fang+",2,"Wyvern Stone",2,86,-4,-4,0,4,2,"Male/ Female","Blade/ Gunner",9,"7","10","OO-","Hunger",3,"Stamina",3,"Technique",-3,,,,
"Plesioth Cap Z","14250z","GrnPlsiothThkScl",3,"GrnPlsioth Fin G",2,"Piscine Fang+",2,"Wyvern Stone",2,44,-2,-2,1,6,3,"Male/ Female","Blade/ Gunner",9,"7","10","OO-","Hunger",2,"PsychicVis",5,"Stamina",1,"Technique",-1,,
"Blango Helm Z","14750z","Brwn BlngngaPelt",3,"Brwn BlngngaFang",1,"Majestic Wht Hrn",1,"Razor Claw",3,90,3,2,1,0,-3,"Male/ Female","Blade/ Gunner",9,"8","10","OOO","Sharpness",1,"Attack",3,"Cold Res",-3,,,,
"Blango Cap Z","14750z","Brwn BlngngaPelt",3,"Brwn BlngngaFang",1,"Majestic Wht Hrn",1,"Razor Claw",3,46,5,4,2,1,-2,"Male/ Female","Blade/ Gunner",9,"8","10","OOO","NormalS Up",1,"Cold Res",-3,"Speed Fire",3,,,,
"Ceanataur Helm Z","15100z","RedCeanataurShl",2,"RedCeanataurClaw",2,"Blk Gravios Skl",2,"Black Pearl+",1,91,2,-1,0,1,0,"Male/ Female","Blade/ Gunner",9,"8","10","OO-","Sharpness",2,"Artisan",3,"Defence",-4,,,,
"Ceanataur Cap Z","15100z","RedCeanataurShl",2,"RedCeanataurClaw",2,"Blk Gravios Skl",2,"Black Pearl+",1,46,4,0,2,2,1,"Male/ Female","Blade/ Gunner",9,"8","10","OO-","Load",3,"PierceS Up",3,"Defence",-3,,,,
"Diablo Helm Z","16100z","Blk Blos Hvy Cpc",3,"RobustBlkBlosHrn",1,"TwstBlkBlosHorn",2,"Lg Wyvern Stone",2,94,3,1,0,-1,-2,"Male/ Female","Blade/ Gunner",9,"9","10","OOO","Sharpness",2,"Protection",-3,"HearProtct",2,,,,
"Diablo Cap Z","16100z","Blk Blos Hvy Cpc",3,"RobustBlkBlosHrn",1,"TwstBlkBlosHorn",2,"Lg Wyvern Stone",2,48,5,4,0,2,-1,"Male/ Female","Blade/ Gunner",9,"9","10","OOO","Load",2,"Protection",-3,"HearProtct",2,,,,
"Gravios Helm Z","16100z","BlkGraviosHvyShl",5,"Blk Gravios Skl",1,"Gravios Skl Shl",2,"Lg Wyvern Stone",2,94,2,2,0,-2,1,"Male/ Female","Blade/ Gunner",9,"9","10","OO-","ElementAtk",3,"Defence",3,"Stamina",-3,,,,
"Gravios Cap Z","16100z","BlkGraviosHvyShl",5,"Blk Gravios Skl",1,"Gravios Skl Shl",2,"Lg Wyvern Stone",2,48,4,3,0,1,2,"Male/ Female","Blade/ Gunner",9,"9","10","OO-","ElementAtk",2,"Defence",5,"Stamina",-2,,,,
"Crystal Piercing","11000z","Pure Crystal",1,"Black Pearl+",1,"Etherlite Ore",3,,,30,0,0,0,0,0,"Male/ Female","Blade/ Gunner",10,"7","10","OOO",,,,,,,,,,
"True Golden Hair Tie","23700z","Rajang Hard Horn",2,"Gold Rajang Pelt",3,"BlkRajangThkPelt",2,"DaoraDrgnThckScl",2,81,3,2,3,2,-2,"Male/ Female","Blade/ Gunner",10,"9","10","OO-","Sneak",-3,"Artisan",2,"Fast Chrge",4,,,,
"TruePuppetMasterMask","23700z","ShiningRajangPlt",2,"Rajang Hard Horn",2,"Gold Rajang Pelt",4,"GldRathianThkScl",3,40,4,3,4,3,-1,"Male/ Female","Blade/ Gunner",10,"9","10","OO-","NormalS Up",2,"Horn",3,"Fast Chrge",4,,,,
"Black Belt Helm X","19800z","Azure LaoS Claw",1,"Expert Coin G",10,"Fighter Coin G",10,"Commendation G",1,82,1,1,1,1,1,"Male/ Female","Blade/ Gunner",10,"8","10","OOO","Artisan",1,"All Resist",4,"Potential",-2,,,,
"Black Belt Cap X","19800z","Kirin Hide G",1,"Expert Coin G",8,"Legendary Coin G",3,"Commendation S",1,42,3,3,3,3,3,"Male/ Female","Blade/ Gunner",10,"9","10","---","Torso Inc",,,,,,,,,
"Obituary Testa X","13800z","PhantomButterfly",3,"Great Hornfly",2,"Thunderbug Jelly",3,"Blaze Sac",4,84,3,3,2,-5,-4,"Male","Blade/ Gunner",10,"7","10","OO-","Cold Res",-2,"Gathering",2,"Evade",3,"Drawn Crit",2,,
"Obituary Caput X","13800z","PhantomButterfly",3,"Great Hornfly",2,"Thunderbug Jelly",3,"Blaze Sac",4,42,4,5,2,-4,-3,"Male","Blade/ Gunner",10,"7","10","OO-","PelletS Up",2,"Cold Res",-2,"Gathering",2,"Evade",3,,
"Butterfly Testa X","13800z","PhantomButterfly",3,"Great Hornfly",2,"Thunderbug Jelly",3,"Blaze Sac",4,84,3,3,2,-5,-4,"Female","Blade/ Gunner",10,"7","10","OO-","Cold Res",-2,"Gathering",2,"Evade",3,"Drawn Crit",2,,
"Butterfly Caput X","13800z","PhantomButterfly",3,"Great Hornfly",2,"Thunderbug Jelly",3,"Blaze Sac",4,42,4,5,2,-4,-3,"Female","Blade/ Gunner",10,"7","10","OO-","PelletS Up",2,"Cold Res",-2,"Gathering",2,"Evade",3,,
"True Mizuha Cap","21000z","Chameleos Hide G",3,"Chameleos Hide+",1,"Ancient Potion",1,"Elder Dragon Jwl",1,92,-4,0,-1,3,4,"Male/ Female","Blade/ Gunner",10,"9","10","OO-","Sneak",1,"HearProtct",5,"Terrain",-2,"Daora Res",1,,
"True Extravagant Cap","21000z","Chameleos Hide G",3,"Chameleos Hide+",1,"ElderDragonBlood",4,"Commendation S",1,46,-3,1,0,4,5,"Male/ Female","Blade/ Gunner",10,"9","10","OO-","Sneak",3,"HearProtct",1,"Terrain",-2,"Daora Res",3,,
"Kushala Glare X","24000z","Daora Hvy Carpce",2,"Daora Horn G",3,"Ancient DrgnBone",1,"Elder Dragon Jwl",1,94,0,-2,-3,2,4,"Male/ Female","Blade/ Gunner",10,"9","10","OO-","Poison",-2,"Sharpness",1,"Evade",4,"FireDrgRes",2,,
"Kusha Snarl X","24000z","Daora Hvy Carpce",2,"Daora Horn G",3,"Ancient DrgnBone",1,"Elder Dragon Jwl",1,48,2,-2,-2,3,5,"Male/ Female","Blade/ Gunner",10,"9","10","OO-","Poison",-2,"Load",4,"Recoil",1,"FireDrgRes",2,,
"Kirin Horn X","24000z","Kirin Hide G",1,"Kirin Slvr Mane",3,"Kirin Azure Horn",1,"Kirin Mane",5,96,0,4,-1,2,0,"Male/ Female","Blade/ Gunner",10,"9","10","OO-","ElementAtk",4,"Protection",2,"All Resist",-2,"Stamina",1,,
"Kirin Crest X","24000z","Kirin Hide G",1,"Kirin Slvr Mane",3,"Kirin Azure Horn",1,"Kirin Mane",5,48,1,6,0,4,1,"Male/ Female","Blade/ Gunner",10,"9","10","OO-","ElementAtk",1,"Protection",-2,"All Resist",-2,"Stamina",4,,
"Empress Crown X","27000z","Fire Drgn HvyScl",2,"Lunastra Carpace",2,"Lunastra Shell",4,"Elder Dragon Jwl",1,98,5,0,-2,-1,0,"Male/ Female","Blade/ Gunner",10,"9!","8!","OO-","Wide Area",3,"Everlastng",-2,"Stamina",3,"ChmleosRes",1,,
"Empress Mask X","27000z","Fire Drgn HvyScl",2,"Lunastra Carpace",2,"Lunastra Shell",4,"Elder Dragon Jwl",1,49,6,2,-1,1,0,"Male/ Female","Blade/ Gunner",10,"9!","8!","OO-","Wide Area",1,"Everlastng",-2,"Evade Inc",3,"ChmleosRes",3,,
"True Indra Helm","31500z","Gaoren Hvy Cpc",2,"Gaoren Hvy Spn",1,"Chameleos Horn G",1,"GaorenDvinePlate",1,100,-2,2,-2,3,2,"Male/ Female","Blade/ Gunner",10,"9","10","O--","Guard",5,"Cooking",-2,"Quake Res",3,"Survival",1,,
"True Steadfast Helm","31500z","Gaoren Hvy Cpc",2,"Gaoren Hvy Spn",1,"Chameleos Horn G",1,"GaorenDvinePlate",1,50,0,3,-1,5,3,"Male/ Female","Blade/ Gunner",10,"9","10","O--","Recoil",5,"Cooking",-2,"Quake Res",3,"Survival",1,,
"Kaiser Crown X","31500z","Teostra Horn G",2,"Fire Drgn HvyScl",3,"Teostra Carapace",3,"Elder Dragon Jwl",1,100,5,0,-2,-1,0,"Male/ Female","Blade/ Gunner",10,"9","10","OO-","Sharpness",3,"Expert",3,"Everlastng",-2,"ChmleosRes",1,,
"Kaiser Mask X","31500z","Teostra Horn G",2,"Fire Drgn HvyScl",3,"Teostra Carapace",3,"Elder Dragon Jwl",1,50,6,2,-1,1,0,"Male/ Female","Blade/ Gunner",10,"9","10","OO-","Expert",1,"NormalS Up",3,"Everlastng",-2,"ChmleosRes",3,,
"TrueGuardianSpritMask","31500z","Dragonmoss G",3,"Dragonwood G",1,"YamatsukamiFluid",5,"Commendation S",1,100,2,3,-2,2,-2,"Male/ Female","Blade/ Gunner",10,"9","10","OO-","Fencing",2,"Hunger",-3,"Cooking",4,,,,
"True Carnage Mask","31500z","Dragonmoss G",3,"Dragonwood G",1,"YamatsukamiFluid",5,"Commendation S",1,50,4,5,-1,3,-1,"Male/ Female","Blade/ Gunner",10,"9","10","OO-","Hunger",-3,"Loading",2,"Cooking",4,,,,
"Dragon Head X","44444z","Fatalis Evil Eye",1,"Fatalis Thck Scl",3,"Fatalis Hvy Horn",2,"FireWyvrn BrnStm",10,100,0,2,-5,2,2,"Male/ Female","Blade/ Gunner",10,"9","10","OO-","Sharpness",3,"Dragon Res",-3,"Evade Inc",1,"Status Res",2,,
"Dragon Face X","44444z","Fatalis Evil Eye",1,"Fatalis Thck Scl",3,"Fatalis Hvy Horn",2,"FireWyvrn BrnStm",10,50,2,4,-2,4,3,"Male/ Female","Blade/ Gunner",10,"9","10","OO-","PierceS Up",3,"Dragon Res",-3,"Evade Inc",1,"Status Res",2,,
"Ucamulbas Mask","31500z","Ucamulbas Fin",2,"Ucamulbas Shell",3,"Lao-Shan Hvy Cpc",4,"Ucamu Divine Jwl",1,100,-4,-2,0,3,5,"Male/ Female","Blade/ Gunner",10,"9","10","OO-","Artisan",3,"Fencing",1,"Protection",-3,"Quake Res",2,,
"Ucamulbas Fangs","31500z","Ucamulbas Fin",2,"Ucamulbas Shell",3,"Lao-Shan Hvy Cpc",4,"Ucamu Divine Jwl",1,50,-2,0,1,5,6,"Male/ Female","Blade/ Gunner",10,"9","10","OO-","Load",3,"Protection",-3,"Loading",3,,,,
"Melahoa Flower Hat Z","11700z","Emperor Locust",3,"Dosbiscus",5,"FlynMealPassPlus",2,"Pure Crystal",1,78,0,1,0,1,0,"Male/ Female","Blade/ Gunner",10,"7","10","OOO","HiSpdGathr",3,"Whim",-2,"Set Trap",2,,,,
"Melahoa Bloom Z","11700z","Emperor Locust",3,"Dosbiscus",5,"FlynMealPassPlus",2,"Pure Crystal",1,38,0,1,0,2,0,"Male/ Female","Blade/ Gunner",10,"7","10","OO-","HiSpdGathr",1,"Whim",-3,"Evade Inc",4,"Set Trap",1,,
"Makluva Hood Z","13300z","Etherlite Ore",4,"GrnPlsioth Fin G",4,"Springnight Carp",4,"Book of Combos 5",1,82,0,-2,0,2,0,"Male/ Female","Blade/ Gunner",10,"7","10","OO-","Protection",-2,"HearProtct",2,"MixSucRate",5,,,,
"Makluva Gills Z","13300z","Etherlite Ore",4,"GrnPlsioth Fin G",4,"Springnight Carp",4,"Book of Combos 5",1,42,0,-1,0,3,0,"Male/ Female","Blade/ Gunner",10,"7","10","OO-","Protection",-3,"HearProtct",3,"MixSucRate",3,,,,
"Rathian Heart Helm Z","21000z","PnkRathianHvyCpc",2,"PnkRathianThkScl",3,"Hvy Monster Bone",2,"Rathian Spike G",2,92,2,-2,-4,0,0,"Male/ Female","Blade/ Gunner",10,"8","10","OO-","Protection",2,"Wide Area",5,"Potential",-2,,,,
"Rathian Heart Cap Z","21000z","PnkRathianHvyCpc",2,"PnkRathianThkScl",3,"Hvy Monster Bone",2,"Rathian Spike G",2,46,4,0,-2,2,2,"Male/ Female","Blade/ Gunner",10,"8","10","OOO","Protection",3,"Wide Area",2,"Potential",-2,,,,
"Rathalos Soul Helm Z","21500z","AzrRathlosHvyCpc",2,"RathlosStrngWng",3,"RathlosDvnePlate",1,"Emperor Locust",3,94,2,2,-4,-1,0,"Male/ Female","Blade/ Gunner",10,"8","10","OO-","Health",-3,"Expert",1,"HearProtct",1,"Technique",4,,
"Rathalos Soul Cap Z","21500z","AzrRathlosHvyCpc",2,"RathlosStrngWng",3,"RathlosDvnePlate",1,"Emperor Locust",3,48,4,5,-2,2,1,"Male/ Female","Blade/ Gunner",10,"8","10","OOO","Health",-2,"Expert",2,"HearProtct",3,,,,
"Golden Moon Helm Z","24000z","GldRathianHvyCpc",3,"GldRathianThkScl",4,"GldRathianSpike",1,"RathianDvnePlate",1,96,2,-2,1,0,0,"Male/ Female","Blade/ Gunner",10,"9","10","OO-","Artisan",2,"Whim",-2,"Fate",2,"Trapper",3,,
"Golden Moon Cap Z","24000z","GldRathianHvyCpc",3,"GldRathianThkScl",4,"GldRathianSpike",1,"RathianDvnePlate",1,48,4,0,2,2,1,"Male/ Female","Blade/ Gunner",10,"9","10","OO-","Whim",-2,"Fate",2,"Loading",2,"Trapper",3,,
"Silver Sol Helm Z","24500z","SlvrRthlosHvyCpc",2,"RathlosStrngWng",3,"RathlosDvnePlate",1,"Melange Ore",3,98,2,-1,1,-1,0,"Male/ Female","Blade/ Gunner",10,"9","10","OO-","Fencing",3,"Attack",4,"Defence",-2,,,,
"Silver Sol Cap Z","24500z","SlvrRthlosHvyCpc",2,"RathlosStrngWng",3,"RathlosDvnePlate",1,"Melange Ore",3,50,4,1,2,2,1,"Male/ Female","Blade/ Gunner",10,"9","10","OO-","PierceS Up",3,"Attack",4,"Defence",-2,,,,
"Auroros Helm Kyoku","35500z","Lao-Shan Hvy Cpc",4,"Azure LaoS Claw",1,"LaoS Dvine Plate",1,"Commendation S",1,98,-2,0,-4,2,2,"Male","Blade/ Gunner",10,"8","10","OOO","Faint",-3,"Rec Speed",2,"Drawn Crit",2,,,,
"GenesisHeadpieceKyoku","35500z","Lao-Shan Hvy Cpc",4,"Azure LaoS Claw",1,"LaoS Dvine Plate",1,"Commendation S",1,50,1,2,-2,3,3,"Male","Blade/ Gunner",10,"8","10","OOO","Faint",-3,"Rec Speed",2,"PelletS Up",2,,,,
"Borealis Crown Kyoku","35500z","Lao-Shan Hvy Cpc",4,"Azure LaoS Claw",1,"LaoS Dvine Plate",1,"Commendation S",1,98,-2,0,-4,2,2,"Female","Blade/ Gunner",10,"8","10","OOO","Faint",-3,"Rec Speed",2,"Drawn Crit",2,,,,
"Glyph Crown Kyoku","35500z","Lao-Shan Hvy Cpc",4,"Azure LaoS Claw",1,"LaoS Dvine Plate",1,"Commendation S",1,50,1,2,-2,3,3,"Female","Blade/ Gunner",10,"8","10","OOO","Faint",-3,"Rec Speed",2,"PelletS Up",2,,,,
"Fatalis Head Z","55555z","FataHvyCrmsnShl",3,"Fatalis Evil Eye",1,"FataHvyCrmsnHrn",2,"RathlosDvnePlate",1,103,0,2,-5,2,2,"Male/ Female","Blade/ Gunner",10,"9","10","OO-","Rec Speed",-3,"Artisan",2,"Evade",2,"Rage",2,,
"Fatalis Face Z","55555z","FataHvyCrmsnShl",3,"Fatalis Evil Eye",1,"FataHvyCrmsnHrn",2,"RathlosDvnePlate",1,53,2,4,-2,4,3,"Male/ Female","Blade/ Gunner",10,"9","10","OO-","Rec Speed",-3,"Evade",2,"Loading",2,"Rage",2,,
"White Fatalis Head Z","66666z","WhtFatalisThkScl",3,"Fatalis Evil Eye",1,"WhtFatalisHvyHrn",2,"GaorenDvinePlate",1,104,0,2,-5,2,2,"Male/ Female","Blade/ Gunner",10,"9","10","OOO","Fate",-3,"Technique",2,"SwdMastery",2,,,,
"White Fatalis Face Z","66666z","WhtFatalisThkScl",3,"Fatalis Evil Eye",1,"WhtFatalisHvyHrn",2,"GaorenDvinePlate",1,54,2,4,-2,4,3,"Male/ Female","Blade/ Gunner",10,"9","10","OO-","Fate",-3,"Technique",4,"Marksman",2,,,,
"Aspire Piercing",,,,,,,,,,0,0,0,0,0,0,"Male/ Female","Blade/ Gunner",10,"9","10","---","Fate",15,,,,,,,,
"Sword Saint Piercing",,,,,,,,,,0,0,0,0,0,0,"Male/ Female","Blade/ Gunner",5,"6","6","---","Fencing",10,,,,,,,,
"Eagle Eye Piercing",,,,,,,,,,0,0,0,0,0,0,"Male/ Female","Blade/ Gunner",10,"1","9!","---","PsychicVis",15,,,,,,,,
"Barrage Piercing",,,,,,,,,,0,0,0,0,0,0,"Male/ Female","Blade/ Gunner",5,"5","5","---","Loading",10,,,,,,,,
