"Attack Jewel","200z","O--",1,1,1,"Attack",,,1,"Suiko Jewel",1,"Power Seed",1,"Kut-Ku Scale",,,,,,,,,,
"Fierce Jewel","375z","OO-",1,1,3,"Attack",-1,"Defence",1,"Akito Jewel",1,"FireWyvern Claw",2,"Demondrug",,,,,,,,,,
"Merciless Jewel","200z","OOO",8,10,5,"Attack",-1,"Defence",1,"LapislazuliJewel",4,"FireWyvrnHrdClaw",3,"Mega Demondrug",2,"Blngnga HrdWhskr",,,,,,,,
"Defense Jewel","200z","O--",1,1,1,"Defence",,,1,"Suiko Jewel",2,"Sm Hermitaur Shl",,,,,,,,,,,,
"Turtle Jewel","375z","OO-",3,5,3,"Defence",-1,"All Resist",1,"BattlefieldJewel",1,"HermitaurClaw G",,,,,1,"Akito Jewel",1,"Blk Gravios Shl",1,"Hermitaur Claw",,
"Steadfast Jewel","200z","O--",1,1,1,"Faint",-1,"Paralysis",1,"Suiko Jewel",2,"Velociprey Fang",,,,,,,,,,,,
"Anti-Faint Jewel","375z","OO-",2,3,3,"Faint",-1,"Paralysis",1,"Akito Jewel",2,"Velocidrome Claw",1,"Pur Rubbery Hide",,,,,,,,,,
"Vigilance Jewel","200z","O--",8,10,2,"Faint",,,1,"BattlefieldJewel",1,"Brwn BlngngaTail",2,"Bullfango Pelt+",,,,,,,,,,
"Paralysis Jewel","200z","O--",1,1,1,"Paralysis",-1,"Poison",1,"Suiko Jewel",1,"Genprey Fang",,,,,,,,,,,,
"AntiParalyzJewel","375z","OO-",1,1,3,"Paralysis",-1,"Poison",1,"Akito Jewel",1,"Paralysis Sac",,,,,,,,,,,,
"Petrification Jewel","200z","O--",7,10,2,"Paralysis",,,1,"BattlefieldJewel",1,"QueenVespoidShl",2,"Thunderbug Jelly",,,,,,,,,,
"Pep Jewel","200z","O--",1,1,1,"Sleep",-1,"Water Res",1,"Suiko Jewel",2,"Sleep Herb",,,,,,,,,,,,
"Jolt Jewel","200z","O--",1,1,2,"Sleep",,,1,"Akito Jewel",1,"Sleep Sac",2,"Sleepyfish",,,,,,,,,,
"Antidote Jewel","200z","O--",2,4,1,"Poison",-1,"Faint",1,"Suiko Jewel",2,"Ioprey Fang",,,,,,,,,,,,
"Antivenin Jewel","375z","OO-",2,4,3,"Poison",-1,"Faint",1,"Akito Jewel",2,"Poison Sac",2,"Herbal Medicine",,,,,,,,,,
"Anti-Toxin Jewel","200z","O--",7,10,2,"Poison",,,1,"BattlefieldJewel",1,"Venom Sac",2,"Remobra Skin G",,,,,,,,,,
"Retroviral Jewel","200z","O--",1,1,1,"Antiseptic",-1,"Sneak",1,"Suiko Jewel",2,"Conga Pelt",1,"Bitterbug",,,,,,,,,,
"Antiviral Jewel","375z","O--",1,1,2,"Antiseptic",,,1,"Akito Jewel",2,"Congalala Pelt",2,"Antiseptic Stone",,,1,"BattlefieldJewel",1,"Congalala Pelt G",,,,
"Tireless Jewel","200z","O--",3,5,2,"Fatigue",,,1,"LapislazuliJewel",2,"Fire Drgn HvyScl",1,"Energy Drink",,,1,"BattlefieldJewel",1,"Fire Drgn Wbng",3,"Sunset Herb",,
"Anchor Jewel","200z","O--",2,4,1,"Quake Res",-1,"Sleep",1,"Akito Jewel",1,"Blangonga Pelt",1,"Power Pill",,,,,,,,,,
"Tectonic Jewel","375z","OO-",4,6,3,"Quake Res",-1,"Sleep",1,"LapislazuliJewel",1,"GaorenStrngClaw",,,,,1,"BattlefieldJewel",1,"Gaoren Pincer",1,"Blangonga Tail",,
"Snowblower Jewel","200z","O--",1,1,1,"Snow Res",-1,"Terrain",1,"Suiko Jewel",2,"Giaprey Scale",,,,,,,,,,,,
"Snowplow Jewel","375z","OO-",2,4,3,"Snow Res",-1,"Terrain",1,"Akito Jewel",1,"Blangonga Fang",,,,,,,,,,,,
"Defroster Jewel","375z","O--",8,10,2,"Snow Res",,,1,"BattlefieldJewel",1,"Blangonga Tail G",3,"Giaprey Scale+",,,,,,,,,,
"Tip Toe Jewel","200z","O--",1,1,1,"Sneak",-1,"Map",1,"Suiko Jewel",1,"Sharp Claw",2,"Ivy",,,,,,,,,,
"Ninja Jewel","200z","O--",3,5,2,"Sneak",,,1,"Akito Jewel",1,"Chameleos Hide",,,,,,,,,,,,
"Strength Jewel","200z","O--",1,1,2,"Health",,,1,"Suiko Jewel",1,"Bulldrome Hide",,,,,,,,,,,,
"Artisan Jewel","200z","O--",10,4,1,"Artisan",-1,"Potential",1,"BattlefieldJewel",1,"Monoblos Heart",,,,,1,"LapislazuliJewel",1,"Ceanataur Claw+",1,"Lao-ShanCarapace",,
"Master Jewel","450z","OOO",6,9,4,"Artisan",-2,"Potential",1,"LapislazuliJewel",1,"Akantor Claw",2,"Daora Sharp Claw",1,"Basarios Wing",,,,,,,,
"Fencer Jewel","200z","O--",3,6,1,"Fencing",-1,"Recovery",1,"BattlefieldJewel",1,"Rathalos Plate",,,,,1,"LapislazuliJewel",2,"Azure LaoS Shell",1,"Slvr Ratlos Tail",,
"Swordsman Jewel","450z","OOO",6,10,4,"Fencing",-2,"Recovery",1,"LapislazuliJewel",1,"Fatalis Eye",1,"Slvr Rathlos Wng",1,"Majestic Horn",,,,,,,,
"Razor Jewel","200z","O--",10,4,1,"Sharpness",-1,"Defence",1,"BattlefieldJewel",1,"Ceanataur Pincer",1,"Sharpened Beak",,,,,,,,,,
"Cutter Jewel","450z","OOO",8,9,4,"Sharpness",-2,"Defence",1,"LapislazuliJewel",1,"Gravios BrainStm",2,"Black Blos Tail",2,"Garuga Wing",,,,,,,,
"Draw Jewel","450z","O--",10,8,1,"Drawn Crit",-1,"Expert",1,"LapislazuliJewel",1,"RathlosStrngWng",,,,,1,"BattlefieldJewel",2,"Monoblos Carpce",1,"Rathalos Wing",,
"Unsheathe Jewel","450z","OO-",8,10,3,"Drawn Crit",-1,"Expert",1,"LapislazuliJewel",3,"CeanataurClaw G",1,"Rathalos Ruby",,,,,,,,,,
"QuickCharge Jewel","200z","O--",3,4,1,"Fast Chrge",-1,"Technique",1,"LapislazuliJewel",1,"Rajang Horn",1,"DaoraDragonScal+",,,1,"BattlefieldJewel",1,"Daora Horn",1,"ElderDragonBlood",,
"SpeedCharge Jewel","200z","OOO",9,10,4,"Fast Chrge",-2,"Technique",1,"LapislazuliJewel",2,"ShiningRajangPlt",3,"DaoraDrgnThckScl",4,"Volganos HvyFang",,,,,,,,
"Expert Jewel","200z","O--",1,1,1,"Expert",-1,"Health",1,"Akito Jewel",1,"Blue Kut-Ku Shl",1,"Anteka Antlers",,,,,,,,,,
"Celebrity Jewel","375z","OO-",3,6,3,"Expert",-1,"Health",1,"LapislazuliJewel",1,"Teostra Horn+",,,,,1,"BattlefieldJewel",1,"Teostra Shell",1,"Twisted Horn",,
"Hermit Jewel","450z","OOO",6,9,5,"Expert",-1,"Health",1,"LapislazuliJewel",2,"Fire Dragon Pwdr",1,"Splendid Beak",1,"Giadrome Skull",,,,,,,,
"Grinder Jewel","200z","O--",1,1,2,"SwdShrpner",,,1,"Suiko Jewel",1,"Earth Crystal",1,"Giadrome Claw",,,,,,,,,,
"Stone Wall Jewel","200z","O--",2,4,1,"Guard",-1,"Stamina",1,"Akito Jewel",1,"Basarios Shell",1,"Hermitaur Shell",,,,,,,,,,
"Iron Curtain Jewel","375z","OO-",4,6,3,"Guard",-1,"Stamina",1,"LapislazuliJewel",1,"Gravios Carapace",1,"Gaoren Claw",,,1,"BattlefieldJewel",1,"Gaoren Spine",1,"Gravios Skl Shl",,
"Hard Wall Jewel","200z","O--",3,5,1,"Guard Up",-1,"Stamina",1,"BattlefieldJewel",1,"Blk Gravios Shl",,,,,,,,,,,,
"StrongWall Jewel","450z","OOO",6,"5!7",4,"Guard Up",-2,"Stamina",1,"LapislazuliJewel",1,"Blk Gravios Cpc",4,"Hermitaur Claw+",2,"Lunastra Shell",,,,,,,,
"Rigid Wall Jewel","375z","OO-",7,10,3,"Guard Up",-1,"Stamina",1,"LapislazuliJewel",2,"Pur HermitaurClw",1,"Gravios Hvy Cpc",,,,,,,,,,
"HvnlyShieldJewel","200z","O--",1,1,2,"Auto-Guard",,,1,"Suiko Jewel",1,"Bullfango Pelt",2,"Sm Hermitaur Shl",,,,,,,,,,
"Hardball Jewel","200z","O--",1,1,2,"Throw",,,1,"Suiko Jewel",2,"Blango Pelt",1,"Conga Pelt",,,,,,,,,,
"Early Bird Jewel","200z","O--",1,1,1,"Load",-1,"Hunger",1,"Akito Jewel",1,"Sm Ceanataur Shl",2,"Kelbi Hide",,,,,,,,,,
"High Speed Jewel","375z","OO-",2,6,3,"Load",-1,"Hunger",1,"LapislazuliJewel",1,"Azure LaoS Horn",1,"Black Blos Cpc",,,1,"BattlefieldJewel",1,"Kirin Hide",1,"Lao-Shan's Horn",2,"TwstBlkBlosHorn"
"SpeedFire Jewel","200z","O--",3,6,1,"Speed Fire",-1,"Protection",1,"BattlefieldJewel",1,"Rathian Plate",,,,,1,"LapislazuliJewel",1,"Fatalis Scale",2,"Sinister Cloth",,
"Barrage Jewel","450z","OOO",6,9,4,"Speed Fire",-2,"Protection",1,"LapislazuliJewel",1,"Akantor Spike",1,"FireWyvrn BrnStm",1,"Gendrome Skull",,,,,,,,
"Recoilless Jewel","200z","O--",4,6,1,"Recoil",-1,"Load",1,"BattlefieldJewel",1,"Gaoren Shell",1,"Blk Gravios Skl",,,1,"LapislazuliJewel",1,"Pur HermitaurClw",1,"Gaoren Carapace",,
"Shockless Jewel","450z","OOO",6,9,4,"Recoil",-2,"Load",1,"LapislazuliJewel",2,"Gaoren Thoracic",1,"Wyvern Stone",2,"Lao-Shan's Claw",,,,,,,,
"StrongShot Jewel","200z","O--",1,1,1,"NormalS Up",-1,"Load",1,"Akito Jewel",1,"Congalala Claw",5,"Rumblefish",,,,,,,,,,
"MightyShot Jewel","450z","OOO",9,10,4,"NormalS Up",-2,"Load",1,"LapislazuliJewel",3,"Brwn BlngngaFang",4,"BlkRajangThkPelt",1,"Fire Drgn Jwl",,,,,,,,
"Pierce Jewel","200z","O--",1,1,1,"PierceS Up",-1,"Load",1,"Akito Jewel",1,"Ceanataur Claw",3,"Pin Tuna",,,,,,,,,,
"Impale Jewel","375z","OOO",9,10,4,"PierceS Up",-2,"Load",1,"LapislazuliJewel",3,"RedCeanataurClaw",2,"SlvRthlosHrdTail",1,"Daora Jewel",,,,,,,,
"Pellet Jewel","200z","O--",1,1,1,"PelletS Up",-1,"Load",1,"Akito Jewel",3,"Piscine Fang",2,"Wyvern Fang",,,,,,,,,,
"Scatter Jewel","375z","OOO",7,10,4,"PelletS Up",-2,"Load",1,"LapislazuliJewel",3,"GrnCongalalaClaw",3,"Azure LaoS Claw",1,"Chameleos Jewel",,,,,,,,
"Shot Bonus Jewel","200z","O--",2,6,2,"NormalSAdd",,,1,"BattlefieldJewel",1,"Lao-Shan's Scale",1,"Normal S Lv3",,,,,,,,,,
"PierceBonusJewel","200z","O--",10,4,2,"PierceSAdd",,,1,"Akito Jewel",1,"Garuga Scale",1,"Pierce S Lv3",,,,,,,,,,
"PelletBonusJewel","200z","O--",1,1,2,"PelletSAdd",,,1,"Suiko Jewel",1,"Cephalos Fin",1,"Pellet S Lv3",,,,,,,,,,
"Bomb Bonus Jewel","200z","O--",2,4,2,"CragS Add",,,1,"Akito Jewel",1,"Basarios Shell",1,"Crag S Lv3",,,,,,,,,,
"ScatterBonusJewel","200z","O--",3,5,2,"ClustS Add",,,1,"BattlefieldJewel",1,"Gravios Shell",1,"Clust S Lv3",,,,,,,,,,
"PowerCoating Jewel","200z","O--",4,7,1,"PowerCtAdd",-1,"Fast Chrge",1,"BattlefieldJewel",1,"Congalala Pelt+",1,"Dark Piece",1,"PowerCoating",,,,,,,,
"Force Coating Jewel","375z","OO-","7!","5!",3,"PowerCtAdd",-1,"Fast Chrge",1,"LapislazuliJewel",3,"GrnCongalalaPelt",2,"Dark Stone",50,"PowerCoating",,,,,,,,
"RazorCoating Jewel","200z","O--",10,4,2,"RazorCtAdd",,,1,"Akito Jewel",1,"DaoraDragonScale",1,"Garuga Mane",1,"RazorCoating",,,,,,,,
"PoisnCoating Jewel","200z","O--",2,3,2,"PoisnCtAdd",,,1,"Akito Jewel",1,"Rubbery Hide",1,"Poison Sac",1,"PoisonCoatng",,,,,,,,
"ParaCoating Jewel","200z","O--",1,1,1,"Para CtAdd",-1,"Fast Chrge",1,"Akito Jewel",1,"Gendrome Hide",1,"Vespoid Wing",1,"Para Coating",,,,,,,,
"Petrify Coating Jewel","450z","OO-",4,7,3,"Para CtAdd",-1,"Fast Chrge",1,"BattlefieldJewel",2,"Gendrome Tail",1,"Vespoid Abdomen",20,"Para Coating",,,,,,,,
"SleepCoating Jewel","200z","O--",2,3,2,"SleepCtAdd",,,1,"Akito Jewel",1,"Plesioth Fin",1,"Sleep Sac",1,"SleepCoating",,,,,,,,
"Ammo Box Jewel","200z","O--",5,9,1,"Loading",-1,"Load",1,"LapislazuliJewel",1,"Akantor Scale",1,"Dragonwood+",,,1,"BattlefieldJewel",1,"Rathian Spike",1,"Remobra Skull",,
"Magazine Jewel","450z","OOO",6,10,4,"Loading",-2,"Load",1,"LapislazuliJewel",1,"Fatalis Horn",1,"Rathian Spike+",5,"Thunderbug Juice",,,,,,,,
"Sniper Jewel","200z","O--",1,1,1,"Precision",-1,"Speed Fire",1,"Suiko Jewel",1,"Anteka Antlers",1,"Sharp Claw",,,,,,,,,,
"SharpshootrJewel","200z","O--",1,1,2,"Precision",,,1,"Akito Jewel",1,"Kelbi Horn",1,"Killer Beetle",2,"Pin Tuna",,,,,,,,
"SpecialAtk Jewel","200z","O--",3,5,1,"Spc Attack",-1,"Rec Speed",1,"BattlefieldJewel",1,"Chameleos Claw",2,"Chaoshroom",,,,,,,,,,
"SpecialStrikeJewel","200z","OO-",8,10,3,"Spc Attack",-1,"Rec Speed",1,"LapislazuliJewel",3,"ConglalaStrngFng",1,"Garuga Tail+",,,,,,,,,,
"Element Jewel","200z","O--",3,5,1,"ElementAtk",-1,"Rec Speed",1,"BattlefieldJewel",1,"Kirin Horn",1,"Fire Stone",1,"Ice Crystal",,,,,,,,
"Dire Element Jewel","200z","OOO",9,10,4,"ElementAtk",-2,"Rec Speed",1,"LapislazuliJewel",2,"KirinThndrTail G",4,"Blangnga HvyFang",1,"Lg Wyvern Stone",,,,,,,,
"Bombardier Jewel","200z","O--",1,1,2,"BombStrUp",,,1,"Akito Jewel",1,"Flame Sac",1,"FlynMealPassReg",,,,,,,,,,
"TrapMaster Jewel","450z","O--",1,1,2,"Set Trap",,,1,"BattlefieldJewel",1,"ShakalakaTreasre",1,"Shock Trap",,,,,,,,,,
"PickyEater Jewel","200z","O--",1,1,1,"Hunger",-1,"Cooking",1,"Suiko Jewel",1,"Cephalos Scale",2,"Well-Done Steak",,,,,,,,,,
"Fasting Jewel","375z","OO-",2,3,3,"Hunger",-1,"Cooking",1,"Akito Jewel",1,"Grn Plesioth Fin",1,"Cephalos Scale",1,"Gourmet Steak",,,,,,,,
"Anorexic Jewel","450z","O--",7,10,2,"Hunger",,,1,"LapislazuliJewel",1,"GrnPlsiothThkScl",1,"Coral Cphlos Fin",1,"Power Juice",,,,,,,,
"Fatso Jewel","200z","O--",1,1,2,"Gluttony",,,1,"Akito Jewel",1,"Congalala Fang",1,"Glutton Tuna",,,,,,,,,,
"QuickEaterJewel","200z","O--",3,5,1,"Cooking",-1,"Recovery",1,"BattlefieldJewel",1,"Tigrex Fang",1,"Mosswine Hide",,,,,,,,,,
"Fast Food Jewel","375z","OO-",6,9,2,"Cooking",-1,"Recovery",1,"LapislazuliJewel",1,"Tigrex Fang+",2,"Conga Pelt+",1,"Iodrome Skull",,,,,,,,
"Instant Meal Jewel","200z","OOO",9,10,4,"Cooking",-2,"Recovery",1,"LapislazuliJewel",3,"Yamatsukami Skin",2,"Vibrant Crown",1,"Tigrex Skull Shl",,,,,,,,
"BBQ Jewel","200z","O--",1,1,2,"BBQ",,,1,"Suiko Jewel",1,"FlynMealPassReg",1,"Burnt Meat",,,,,,,,,,
"Marathon Jewel","200z","O--",2,4,1,"Stamina",-1,"Hunger",1,"Akito Jewel",1,"Fire Stone",1,"Mega Juice",1,"Gourmet Steak",,,,,,,,
"Sprinter Jewel","450z","OOO",5,8,4,"Stamina",-2,"Hunger",1,"LapislazuliJewel",1,"Plesioth Fin G",1,"Gypceros HrdHead",,,1,"LapislazuliJewel",3,"Firecell Stone",1,"Plesioth Fin+",1,"Gypceros Head"
"Stamina Jewel","200z","O--",10,4,1,"Technique",-1,"Stamina",1,"Akito Jewel",1,"FlynMealPassPlus",1,"Sharpened Beak",,,,,,,,,,
"Body Arts Jewel","450z","OO-",10,9,3,"Technique",-1,"Stamina",1,"LapislazuliJewel",1,"Naruga Blk Pelt",1,"HypncFangedBeak",,,1,"BattlefieldJewel",3,"Naruga Pelt",1,"Hypnoc Beak",1,"Pawprint Stamp"
"Protection Jewel","200z","O--",1,1,1,"Protection",,,1,"Akito Jewel",1,"Commendation",1,"Black Pearl",,,,,,,,,,
"DivinePrtctionJewel","450z","O--",9,10,2,"Protection",,,1,"LapislazuliJewel",1,"Ucamulbas Scale",1,"Commendation S",,,,,,,,,,
"Earplug Jewel","200z","O--",10,4,1,"HearProtct",-1,"Protection",1,"LapislazuliJewel",1,"Garuga Devil Ear",,,,,1,"BattlefieldJewel",1,"Garuga Ear",1,"Hornetaur Head",,
"Silencer Jewel","450z","OOO",6,9,4,"HearProtct",-2,"Protection",1,"LapislazuliJewel",1,"AzrRathlosHvyCpc",1,"Chameleos Tail G",,,1,"LapislazuliJewel",1,"Azre Rathlos Cpc",1,"Tigrex Skull Shl",2,"Monster Broth"
"PaperweightJewel","200z","O--",3,5,1,"WindPress",-1,"Fate",1,"Akito Jewel",1,"Diablos Shell",2,"Iron Ore",,,,,,,,,,
"HeavyMetal Jewel","375z","OO-",6,9,3,"WindPress",-1,"Fate",1,"LapislazuliJewel",1,"Chameleos Hide+",1,"Diablos Carapace",,,,,,,,,,
"Solid Rock Jewel","450z","OOO",9,10,5,"WindPress",-1,"Fate",1,"LapislazuliJewel",2,"Chameleos Hide G",1,"Diablos HvySpne",1,"Pure Crystal",,,,,,,,
"Melt-Proof Jewel","200z","O--",2,4,1,"Terrain",-1,"Faint",1,"Akito Jewel",1,"Basarios Shell",1,"Armor Pill",,,,,,,,,,
"Anti-Thaw Jewel","375z","OO-",3,4,3,"Terrain",-1,"Faint",1,"BattlefieldJewel",3,"DaoraDragonScale",1,"Daora Tail",2,"Gourmet Fish+",1,"LapislazuliJewel",2,"Daora Carapace",1,"Basarios Carpace",1,"Immunizer"
"Evade Jewel","200z","O--",1,1,1,"Evade",-1,"Cold Res",1,"BattlefieldJewel",1,"Naruga Scale+",1,"Great Hornfly",,,1,"Akito Jewel",1,"Sm Lobstershell",1,"Hercudrome",,
"Dodge Jewel","375z","OO-",4,7,3,"Evade",-1,"Cold Res",1,"LapislazuliJewel",1,"Lg Lobstershell",1,"Gendrome Tail",,,,,,,,,,
"Jump Jewel","200z","O--",8,8,1,"Evade Inc",-1,"Attack",1,"LapislazuliJewel",1,"Naruga Strng Wng",5,"Emperor Locust",,,1,"BattlefieldJewel",1,"Naruga Wing",1,"Lunastra Horn G",,
"Leap Jewel","375z","OOO",9,10,4,"Evade Inc",-2,"Attack",1,"LapislazuliJewel",2,"Fatalis Hrd Wbng",1,"Naruga Marrow",3,"Garuga Slvr Mane",,,,,,,,
"Danger Jewel","200z","O--",10,4,1,"Potential",-1,"Protection",1,"BattlefieldJewel",1,"Monoblos Spine",1,"Wyvern Skull Shl",,,,,,,,,,
"Crisis Jewel","450z","OOO",6,6,4,"Potential",-2,"Protection",1,"LapislazuliJewel",1,"Gold Rajang Pelt",1,"Blood Red Horn",1,"Wht Monoblos Hrn",,,,,,,,
"Calamity Jewel","375z","OO-",6,9,3,"Potential",-1,"Protection",1,"LapislazuliJewel",1,"Akantor Shell",1,"Majestic Red Hrn",3,"Blk Rajang Pelt",,,,,,,,
"Survivor Jewel","375z","O--",7,10,1,"Survival",-1,"MixSucRate",1,"BattlefieldJewel",1,"Pur HermitaurShl",2,"BirdWyvnStoutBne",,,,,,,,,,
"Immortal Jewel","450z","OO-",9,10,3,"Survival",-1,"MixSucRate",1,"LapislazuliJewel",3,"Volganos Hvy Cpc",1,"Gaoren Hvy Spn",2,"Big-Tailed Frog",,,,,,,,
"Alarm Jewel","200z","O--",1,1,2,"Anti-Theft",,,1,"Suiko Jewel",2,"Felvine",1,"Unknown Skull",,,,,,,,,,
"StayingPwr Jewel","200z","O--",2,3,1,"Everlastng",-1,"Poison",1,"Akito Jewel",1,"Grn Plesioth Scl",2,"Vespoid Shell",,,,,,,,,,
"Permanence Jewel","375z","OO-",4,7,2,"Everlastng",-1,"Poison",1,"LapislazuliJewel",1,"Grn Plsioth Scl+",1,"Vespoid InnrWng",,,,,,,,,,
"Eternal Jewel","450z","OO-",7,10,3,"Everlastng",-1,"Poison",1,"LapislazuliJewel",1,"GrnPlsioth Fin G",1,"Vespoid RazrWng",3,"Catalyst",,,,,,,,
"Friendship Jewel","200z","O--",2,4,1,"Wide Area",-1,"Sneak",1,"Akito Jewel",1,"Alluring Hide",2,"Cactus Flower",,,,,,,,,,
"Beloved Jewel","375z","OO-",5,7,3,"Wide Area",-1,"Sneak",1,"LapislazuliJewel",1,"Alluring Webbing",1,"Lifepowder",4,"Dosbiscus",,,,,,,,
"True Love Jewel","200z","OOO",8,10,5,"Wide Area",-1,"Sneak",1,"LapislazuliJewel",3,"Alluring Wing",4,"PnkRathianThkScl",1,"Wyvern Stone",,,,,,,,
"Backpacker Jewel","200z","O--",1,1,2,"Backpackng",,,1,"Suiko Jewel",1,"Power Extract",1,"Giant Bone",,,,,,,,,,
"Impervious Jewel","200z","O--",3,5,1,"All Resist",-1,"Everlastng",1,"BattlefieldJewel",1,"Kirin Mane",,,,,,,,,,,,
"Omnipotent Jewel","375z","OO-",5,9,3,"All Resist",-1,"Everlastng",1,"LapislazuliJewel",1,"Kirin Azure Horn",1,"Dragonmoss",,,,,,,,,,
"Invulnerable Jewel","200z","OOO",9,10,5,"All Resist",-1,"Everlastng",1,"LapislazuliJewel",2,"Kirin Hide G",1,"Dragonmoss G",3,"Blackbelt Coin G",,,,,,,,
"Inferno Jewel","200z","O--",1,1,1,"Fire Res",-1,"Water Res",1,"Suiko Jewel",2,"Fire Herb",,,,,,,,,,,,
"Crimson Jewel","200z","O--",1,1,2,"Fire Res",,,1,"Akito Jewel",1,"Flame Sac",,,,,,,,,,,,
"Stream Jewel","200z","O--",1,1,1,"Water Res",-1,"ThunderRes",1,"Suiko Jewel",2,"Knife Mackerel",,,,,,,,,,,,
"Torrent Jewel","200z","O--",1,1,2,"Water Res",,,1,"Akito Jewel",1,"Plesioth Scale",,,,,,,,,,,,
"Freeze Jewel","200z","O--",1,1,1,"Ice Res",-1,"Fire Res",1,"Suiko Jewel",2,"Ice Crystal",,,,,,,,,,,,
"Glacier Jewel","200z","O--",1,1,2,"Ice Res",,,1,"Akito Jewel",2,"Giadrome Hide",,,,,,,,,,,,
"Lightning Jewel","200z","O--",1,1,1,"ThunderRes",-1,"Ice Res",1,"Suiko Jewel",2,"Thunderbug",,,,,,,,,,,,
"Thunder Jewel","200z","O--",1,1,2,"ThunderRes",,,1,"Akito Jewel",1,"Electro Sac",,,,,,,,,,,,
"Slayer Jewel","200z","O--",1,1,1,"Dragon Res",-1,"Poison",1,"Akito Jewel",1,"Hornetaur Head",1,"Dragon Seed",,,,,,,,,,
"Extinction Jewel","375z","OO-",4,7,3,"Dragon Res",-1,"Poison",1,"BattlefieldJewel",2,"HornetaurInnrWng",3,"Dragon S",,,,,,,,,,
"Dracocide Jewel","200z","O--",7,10,2,"Dragon Res",,,1,"LapislazuliJewel",3,"HorneturRazrWng",1,"Rajang Tail",,,,,,,,,,
"CoolBreeze Jewel","200z","O--",1,1,1,"Heat Res",-1,"Cold Res",1,"Suiko Jewel",2,"Blango Pelt",,,,,,,,,,,,
"Cold Wind Jewel","375z","OO-",2,4,3,"Heat Res",-1,"Cold Res",1,"Akito Jewel",1,"Blangonga Whiskr",4,"Ice Crystal",,,,,,,,,,
"Icy Gale Jewel","450z","O--",8,10,2,"Heat Res",,,1,"LapislazuliJewel",2,"Blangonga Pelt G",1,"Giaprey Hide+",,,,,,,,,,
"Warm Breeze Jewel","200z","O--",1,1,1,"Cold Res",-1,"Heat Res",1,"Suiko Jewel",2,"Cephalos Scale",,,,,,,,,,,,
"Hot Wind Jewel","375z","OO-",1,1,3,"Cold Res",-1,"Heat Res",1,"Akito Jewel",1,"Cephalos Fin",4,"Nitroshroom",,,,,,,,,,
"Fiery Gale Jewel","375z","O--",8,10,2,"Cold Res",,,1,"LapislazuliJewel",2,"Brwn BlngngaPelt",1,"Genprey Hide+",,,,,,,,,,
"Map Jewel","200z","O--",4,7,2,"Map",,,1,"Akito Jewel",1,"Dragonite Ore",2,"Rainbow Ore",,,,,,,,,,
"Gathering Jewel","200z","O--",1,1,2,"Gathering",,,1,"Suiko Jewel",1,"Dosbiscus",2,"Bughopper",,,,,,,,,,
"Grab'n'DashJewel","200z","O--",1,1,2,"HiSpdGathr",,,1,"Akito Jewel",1,"Great Hornfly",1,"Power Extract",,,,,,,,,,
"Good Luck Jewel","200z","O--",1,1,1,"Whim",,,1,"Suiko Jewel",2,"Exciteshroom",1,"Boomerang",1,"Flute",,,,,,,,
"Blessing Jewel","200z","O--",3,6,2,"Whim",,,1,"BattlefieldJewel",1,"Pnk Rathian Shl",1,"Mega Pickaxe",1,"Mega Bugnet",,,,,,,,
"HideCutter Jewel","200z","O--",3,4,1,"Carving",-1,"Fate",1,"LapislazuliJewel",1,"Rubbery Hide+",1,"ShakaInheritance",,,1,"BattlefieldJewel",1,"Daora Claw",1,"ShakalakaTreasre",,
"ShellCutter Jewel","200z","OOO",9,10,4,"Carving",-2,"Fate",1,"LapislazuliJewel",3,"Ucamulbas Fang",1,"ShakalakaTrsure+",1,"Lg Wyvern Stone",,,,,,,,
"Bind Jewel","200z","O--",7,7,1,"Trapper",-1,"Fate",1,"BattlefieldJewel",1,"Hypnoc Feather",1,"Piscine Fang",1,"Net",,,,,,,,
"Cage Jewel","375z","OO-",7,10,3,"Trapper",-1,"Fate",1,"LapislazuliJewel",3,"Hypnoc Feather+",3,"Piscine Fang+",2,"Trap Tool",,,,,,,,
"Fate Jewel","200z","O--",1,1,1,"Fate",-1,"Whim",1,"Akito Jewel",1,"Steel Egg",,,,,,,,,,,,
"Destiny Jewel","375z","OO-",4,7,3,"Fate",-1,"Whim",1,"BattlefieldJewel",1,"Gold Egg",,,,,,,,,,,,
"Fisher Jewel","200z","O--",1,1,2,"Fishing",,,1,"Suiko Jewel",1,"Cricket",1,"Yambug",,,,,,,,,,
"Psychic Jewel","200z","O--",1,1,2,"PsychicVis",,,1,"Suiko Jewel",1,"Kut-Ku Ear",1,"Psychoserum",,,,,,,,,,
"Observer Jewel","200z","O--",7,7,2,"Observance",,,1,"BattlefieldJewel",1,"Rainbow Down",1,"Binoculars",,,,,,,,,,
"Feel Good Jewel","200z","O--",1,1,1,"Rec Speed",-1,"Faint",1,"Akito Jewel",1,"Pale Extract",1,"Killer Beetle",,,,,,,,,,
"Quick Fix Jewel","375z","OO-",2,6,3,"Rec Speed",-1,"Faint",1,"LapislazuliJewel",1,"Pale Khezu Steak",2,"Lifepowder",,,1,"BattlefieldJewel",1,"Pale Bone",3,"Lao-Shan's Shell",10,"Lifecrystals"
"Curing Jewel","200z","O--",1,1,1,"Recovery",-1,"Health",1,"Akito Jewel",1,"Flabby Hide",2,"Kelbi Horn",,,,,,,,,,
"Cure All Jewel","375z","OO-",5,7,2,"Recovery",-1,"Health",1,"LapislazuliJewel",1,"Khezu Hide - Tan",1,"Ancient Potion",,,,,,,,,,
"Divine Cure Jewel","200z","OO-","7!","8!",3,"Recovery",-1,"Health",1,"LapislazuliJewel",3,"Khezu Hide-Gloss",2,"Lunastra Carpace",10,"Honey",,,,,,,,
"Professor Jewel","200z","O--",1,1,2,"MixSucRate",,,1,"Suiko Jewel",1,"Book of Combos 1",1,"Springnight Carp",,,,,,,,,,
"Armory Jewel","200z","O--",1,1,2,"Shot Mix",,,1,"Suiko Jewel",3,"Normal S Lv3",2,"Pellet S Lv3",1,"Clust S Lv3",,,,,,,,
"SecretArts Jewel","200z","O--",1,1,2,"Alchemy",,,1,"Akito Jewel",1,"Health Flute",1,"Ancient Potion",2,"Antiseptic Stone",,,,,,,,
"Small Arms Jewel","200z","O--",1,1,1,"Gunnery",-1,"Stamina",1,"Suiko Jewel",1,"Machalite Ore",2,"Gunpowder",,,,,,,,,,
"Howitzer Jewel","200z","O--",2,4,2,"Gunnery",,,1,"BattlefieldJewel",2,"Dragonite Ore",1,"Fire Stone",,,,,,,,,,
"Fife Jewel","200z","O--",1,1,2,"Horn",,,1,"Akito Jewel",2,"Congalala Pelt",1,"Flute",,,,,,,,,,
"FlynMaster Jewel","200z","O--",8,8,2,"FlyneGuide",,,1,"Suiko Jewel",1,"FlynFighterPass",,,,,1,"BattlefieldJewel",1,"Commendation G",1,"Gastronome Tuna",10,"Felvine"
"FlynAttack Jewel","200z","O--",8,8,2,"Flyne Atk",,,1,"LapislazuliJewel",1,"Razor Claw",1,"Commendation G",1,"Mega Demondrug",,,,,,,,
"FlynDefence Jewel","200z","O--",7,10,2,"Flyne Def",,,1,"LapislazuliJewel",1,"Kut-Ku Hvy Cpc",1,"Commendation G",1,"Mega Armorskin",,,,,,,,
